This is pdfTeX, Version 3.141592653-2.6-1.40.28 (TeX Live 2025) (preloaded format=pdflatex 2025.11.26)  24 JUL 2026 19:21
entering extended mode
 restricted \write18 enabled.
 file:line:error style messages enabled.
 %&-line parsing enabled.
**c:/Users/lehre/OneDrive/Documents/Akademus/Karteikarten/Karteikarten_Akademus.tex
(c:/Users/lehre/OneDrive/Documents/Akademus/Karteikarten/Karteikarten_Akademus.tex
LaTeX2e <2025-11-01>
L3 programming layer <2025-11-14>
(c:/texlive/2025/texmf-dist/tex/latex/koma-script/scrartcl.cls
Document Class: scrartcl 2025/09/09 v3.48 KOMA-Script document class (article)
(c:/texlive/2025/texmf-dist/tex/latex/koma-script/scrkbase.sty
Package: scrkbase 2025/09/09 v3.48 KOMA-Script package (KOMA-Script-dependent basics and keyval usage)
 (c:/texlive/2025/texmf-dist/tex/latex/koma-script/scrbase.sty
Package: scrbase 2025/09/09 v3.48 KOMA-Script package (KOMA-Script-independent basics and keyval usage)
 (c:/texlive/2025/texmf-dist/tex/latex/koma-script/scrlfile.sty
Package: scrlfile 2025/09/09 v3.48 KOMA-Script package (file load hooks)
 (c:/texlive/2025/texmf-dist/tex/latex/koma-script/scrlfile-hook.sty
Package: scrlfile-hook 2025/09/09 v3.48 KOMA-Script package (using LaTeX hooks)
 (c:/texlive/2025/texmf-dist/tex/latex/koma-script/scrlogo.sty
Package: scrlogo 2025/09/09 v3.48 KOMA-Script package (logo)
))) (c:/texlive/2025/texmf-dist/tex/latex/graphics/keyval.sty
Package: keyval 2022/05/29 v1.15 key=value parser (DPC)
\KV@toks@=\toks17
)
Applying: [2021/05/01] Usage of raw or classic option list on input line 254.
Already applied: [0000/00/00] Usage of raw or classic option list on input line 370.
)) (c:/texlive/2025/texmf-dist/tex/latex/koma-script/tocbasic.sty
Package: tocbasic 2025/09/09 v3.48 KOMA-Script package (handling toc-files)
\scr@dte@tocline@numberwidth=\skip49
\scr@dte@tocline@numbox=\box53
)
Package tocbasic Info: omitting babel extension for `toc'
(tocbasic)             because of feature `nobabel' available
(tocbasic)             for `toc' on input line 141.
Class scrartcl Info: File `scrsize12pt.clo' used to setup font sizes on input line 2486.
 (c:/texlive/2025/texmf-dist/tex/latex/koma-script/scrsize12pt.clo
File: scrsize12pt.clo 2025/09/09 v3.48 KOMA-Script font size class option (12pt)
) (c:/texlive/2025/texmf-dist/tex/latex/koma-script/typearea.sty
Package: typearea 2025/09/09 v3.48 KOMA-Script package (type area)
\ta@bcor=\skip50
\ta@div=\count275
Package typearea Info: You've used standard option `landscape'.
(typearea)             This is correct!
(typearea)             Internally I'm using `paper=landscape'.
(typearea)             If you'd like to set the option with \KOMAoptions,
(typearea)             you'd have to use `paper=landscape' there
(typearea)             instead of `landscape', too.
\ta@hblk=\skip51
\ta@vblk=\skip52
\ta@temp=\skip53
\footheight=\skip54
Package typearea Info: With paper sizes other than (almost) `A4' predefined
(typearea)             DIV values do not exist. Using DIV calculation for good
(typearea)             line width (unless using `version=3.24` or prior).


Package typearea Info: DIV calculation for classic typearea. on input line 1807.

Package typearea Info: Maybe no optimal type area settings!
(typearea)             The detected line width is about 44%
(typearea)             smaller than the heuristically estimated maximum
(typearea)             limit of typographical good line width.
(typearea)             You could e.g. increase DIV, decrease fontsize
(typearea)             or change the papersize.
Package typearea Info: These are the values describing the layout:
(typearea)             DIV  = 6
(typearea)             BCOR = 0.0pt
(typearea)             \paperwidth      = 421.10083pt
(typearea)              \textwidth      = 210.55042pt
(typearea)              DIV departure   = 44%
(typearea)              \evensidemargin = 68.09695pt
(typearea)              \oddsidemargin  = -2.08652pt
(typearea)             \paperheight     = 298.75397pt
(typearea)              \textheight     = 157.0pt
(typearea)              \topmargin      = -62.35266pt
(typearea)              \headheight     = 18.125pt
(typearea)              \headsep        = 21.75pt
(typearea)              \topskip        = 12.0pt
(typearea)              \footskip       = 50.75pt
(typearea)              \baselineskip   = 14.5pt
(typearea)              on input line 1807.
)
\c@part=\count276
\c@section=\count277
\c@subsection=\count278
\c@subsubsection=\count279
\c@paragraph=\count280
\c@subparagraph=\count281
\scr@dte@section@maxnumwidth=\skip55
Class scrartcl Info: using compatibility default `runin=bysign'
(scrartcl)           for `\section on input line 5161.
Class scrartcl Info: using compatibility default `afterindent=bysign'
(scrartcl)           for `\section on input line 5161.
\scr@dte@part@maxnumwidth=\skip56
Class scrartcl Info: using compatibility default `afterindent=false'
(scrartcl)           for `\part on input line 5169.
\scr@dte@subsection@maxnumwidth=\skip57
Class scrartcl Info: using compatibility default `runin=bysign'
(scrartcl)           for `\subsection on input line 5179.
Class scrartcl Info: using compatibility default `afterindent=bysign'
(scrartcl)           for `\subsection on input line 5179.
\scr@dte@subsubsection@maxnumwidth=\skip58
Class scrartcl Info: using compatibility default `runin=bysign'
(scrartcl)           for `\subsubsection on input line 5189.
Class scrartcl Info: using compatibility default `afterindent=bysign'
(scrartcl)           for `\subsubsection on input line 5189.
\scr@dte@paragraph@maxnumwidth=\skip59
Class scrartcl Info: using compatibility default `runin=bysign'
(scrartcl)           for `\paragraph on input line 5200.
Class scrartcl Info: using compatibility default `afterindent=bysign'
(scrartcl)           for `\paragraph on input line 5200.
\scr@dte@subparagraph@maxnumwidth=\skip60
Class scrartcl Info: using compatibility default `runin=bysign'
(scrartcl)           for `\subparagraph on input line 5210.
Class scrartcl Info: using compatibility default `afterindent=bysign'
(scrartcl)           for `\subparagraph on input line 5210.
\abovecaptionskip=\skip61
\belowcaptionskip=\skip62
\c@pti@nb@sid@b@x=\box54
Package tocbasic Info: omitting babel extension for `lof'
(tocbasic)             because of feature `nobabel' available
(tocbasic)             for `lof' on input line 6410.
\scr@dte@figure@maxnumwidth=\skip63
\c@figure=\count282
Package tocbasic Info: omitting babel extension for `lot'
(tocbasic)             because of feature `nobabel' available
(tocbasic)             for `lot' on input line 6422.
\scr@dte@table@maxnumwidth=\skip64
\c@table=\count283
Class scrartcl Info: Redefining `\numberline' on input line 6592.
\bibindent=\dimen148
) (./praeambel_karteikarten.tex (c:/texlive/2025/texmf-dist/tex/latex/base/inputenc.sty
Package: inputenc 2024/02/08 v1.3d Input encoding file
\inpenc@prehook=\toks18
\inpenc@posthook=\toks19
) (c:/texlive/2025/texmf-dist/tex/latex/base/fontenc.sty
Package: fontenc 2025/07/18 v2.1d Standard LaTeX package
) (c:/texlive/2025/texmf-dist/tex/latex/lm/lmodern.sty
Package: lmodern 2015/05/01 v1.6.1 Latin Modern Fonts
LaTeX Font Info:    Overwriting symbol font `operators' in version `normal'
(Font)                  OT1/cmr/m/n --> OT1/lmr/m/n on input line 22.
LaTeX Font Info:    Overwriting symbol font `letters' in version `normal'
(Font)                  OML/cmm/m/it --> OML/lmm/m/it on input line 23.
LaTeX Font Info:    Overwriting symbol font `symbols' in version `normal'
(Font)                  OMS/cmsy/m/n --> OMS/lmsy/m/n on input line 24.
LaTeX Font Info:    Overwriting symbol font `largesymbols' in version `normal'
(Font)                  OMX/cmex/m/n --> OMX/lmex/m/n on input line 25.
LaTeX Font Info:    Overwriting symbol font `operators' in version `bold'
(Font)                  OT1/cmr/bx/n --> OT1/lmr/bx/n on input line 26.
LaTeX Font Info:    Overwriting symbol font `letters' in version `bold'
(Font)                  OML/cmm/b/it --> OML/lmm/b/it on input line 27.
LaTeX Font Info:    Overwriting symbol font `symbols' in version `bold'
(Font)                  OMS/cmsy/b/n --> OMS/lmsy/b/n on input line 28.
LaTeX Font Info:    Overwriting symbol font `largesymbols' in version `bold'
(Font)                  OMX/cmex/m/n --> OMX/lmex/m/n on input line 29.
LaTeX Font Info:    Overwriting math alphabet `\mathbf' in version `normal'
(Font)                  OT1/cmr/bx/n --> OT1/lmr/bx/n on input line 31.
LaTeX Font Info:    Overwriting math alphabet `\mathsf' in version `normal'
(Font)                  OT1/cmss/m/n --> OT1/lmss/m/n on input line 32.
LaTeX Font Info:    Overwriting math alphabet `\mathit' in version `normal'
(Font)                  OT1/cmr/m/it --> OT1/lmr/m/it on input line 33.
LaTeX Font Info:    Overwriting math alphabet `\mathtt' in version `normal'
(Font)                  OT1/cmtt/m/n --> OT1/lmtt/m/n on input line 34.
LaTeX Font Info:    Overwriting math alphabet `\mathbf' in version `bold'
(Font)                  OT1/cmr/bx/n --> OT1/lmr/bx/n on input line 35.
LaTeX Font Info:    Overwriting math alphabet `\mathsf' in version `bold'
(Font)                  OT1/cmss/bx/n --> OT1/lmss/bx/n on input line 36.
LaTeX Font Info:    Overwriting math alphabet `\mathit' in version `bold'
(Font)                  OT1/cmr/bx/it --> OT1/lmr/bx/it on input line 37.
LaTeX Font Info:    Overwriting math alphabet `\mathtt' in version `bold'
(Font)                  OT1/cmtt/m/n --> OT1/lmtt/m/n on input line 38.
) (c:/texlive/2025/texmf-dist/tex/generic/babel/babel.sty
Package: babel 2025/11/23 v25.16 The multilingual framework for LuaLaTeX, pdfLaTeX and XeLaTeX
\babel@savecnt=\count284
LaTeX Encoding Info:    Redeclaring text command \ij (encoding OT1) on input line 2050.
LaTeX Encoding Info:    Redeclaring text command \IJ (encoding OT1) on input line 2052.
LaTeX Encoding Info:    Redeclaring text command \ij (encoding T1) on input line 2054.
LaTeX Encoding Info:    Redeclaring text command \IJ (encoding T1) on input line 2055.
LaTeX Encoding Info:    Ignoring declaration for text command \ij (encoding ?) on input line 2056.
LaTeX Encoding Info:    Ignoring declaration for text command \IJ (encoding ?) on input line 2058.
LaTeX Encoding Info:    Ignoring declaration for text command \SS (encoding ?) on input line 2083.
\U@D=\dimen149
\l@unhyphenated=\language90
 (c:/texlive/2025/texmf-dist/tex/generic/babel/txtbabel.def)
\bbl@readstream=\read2
\bbl@dirlevel=\count285
 (c:/texlive/2025/texmf-dist/tex/generic/babel/locale/invalid/babel-ngerman.tex)
Package babel Info: Importing font and identification data for ngerman
(babel)             from babel-de.ini. Reported on input line 4298.
 (c:/texlive/2025/texmf-dist/tex/generic/babel-german/ngerman.ldf
Language: ngerman 2024/12/10 v2.15 German support for babel (post-1996 orthography)
 (c:/texlive/2025/texmf-dist/tex/generic/babel-german/ngermanb.ldf
Language: ngermanb 2024/12/10 v2.15 German support for babel (post-1996 orthography)
Package babel Info: Making " an active character on input line 122.
))) (c:/texlive/2025/texmf-dist/tex/latex/microtype/microtype.sty
Package: microtype 2025/07/09 v3.2b Micro-typographical refinements (RS)
 (c:/texlive/2025/texmf-dist/tex/latex/etoolbox/etoolbox.sty
Package: etoolbox 2025/10/02 v2.5m e-TeX tools for LaTeX (JAW)
\etb@tempcnta=\count286
)
\MT@toks=\toks20
\MT@tempbox=\box55
\MT@count=\count287
LaTeX Info: Redefining \noprotrusionifhmode on input line 1087.
LaTeX Info: Redefining \leftprotrusion on input line 1088.
\MT@prot@toks=\toks21
LaTeX Info: Redefining \rightprotrusion on input line 1107.
LaTeX Info: Redefining \textls on input line 1449.
\MT@outer@kern=\dimen150
LaTeX Info: Redefining \microtypecontext on input line 2053.
LaTeX Info: Redefining \textmicrotypecontext on input line 2070.
\MT@listname@count=\count288
 (c:/texlive/2025/texmf-dist/tex/latex/microtype/microtype-pdftex.def
File: microtype-pdftex.def 2025/07/09 v3.2b Definitions specific to pdftex (RS)
LaTeX Info: Redefining \lsstyle on input line 944.
LaTeX Info: Redefining \lslig on input line 944.
\MT@outer@space=\skip65
)
Package microtype Info: Loading configuration file microtype.cfg.
 (c:/texlive/2025/texmf-dist/tex/latex/microtype/microtype.cfg
File: microtype.cfg 2025/07/09 v3.2b microtype main configuration file (RS)
)
LaTeX Info: Redefining \microtypesetup on input line 3065.
) (c:/texlive/2025/texmf-dist/tex/latex/url/url.sty
\Urlmuskip=\muskip17
Package: url 2013/09/16  ver 3.4  Verb mode for urls, etc.
) (c:/texlive/2025/texmf-dist/tex/latex/pgf/frontendlayer/tikz.sty (c:/texlive/2025/texmf-dist/tex/latex/pgf/basiclayer/pgf.sty (c:/texlive/2025/texmf-dist/tex/latex/pgf/utilities/pgfrcs.sty (c:/texlive/2025/texmf-dist/tex/generic/pgf/utilities/pgfutil-common.tex
\pgfutil@everybye=\toks22
\pgfutil@tempdima=\dimen151
\pgfutil@tempdimb=\dimen152
) (c:/texlive/2025/texmf-dist/tex/generic/pgf/utilities/pgfutil-latex.def
\pgfutil@abb=\box56
) (c:/texlive/2025/texmf-dist/tex/generic/pgf/utilities/pgfrcs.code.tex (c:/texlive/2025/texmf-dist/tex/generic/pgf/pgf.revision.tex)
Package: pgfrcs 2025-08-29 v3.1.11a (3.1.11a)
))
Package: pgf 2025-08-29 v3.1.11a (3.1.11a)
 (c:/texlive/2025/texmf-dist/tex/latex/pgf/basiclayer/pgfcore.sty (c:/texlive/2025/texmf-dist/tex/latex/graphics/graphicx.sty
Package: graphicx 2024/12/31 v1.2e Enhanced LaTeX Graphics (DPC,SPQR)
 (c:/texlive/2025/texmf-dist/tex/latex/graphics/graphics.sty
Package: graphics 2024/08/06 v1.4g Standard LaTeX Graphics (DPC,SPQR)
 (c:/texlive/2025/texmf-dist/tex/latex/graphics/trig.sty
Package: trig 2023/12/02 v1.11 sin cos tan (DPC)
) (c:/texlive/2025/texmf-dist/tex/latex/graphics-cfg/graphics.cfg
File: graphics.cfg 2016/06/04 v1.11 sample graphics configuration
)
Package graphics Info: Driver file: pdftex.def on input line 106.
 (c:/texlive/2025/texmf-dist/tex/latex/graphics-def/pdftex.def
File: pdftex.def 2025/09/29 v1.2d Graphics/color driver for pdftex
))
\Gin@req@height=\dimen153
\Gin@req@width=\dimen154
) (c:/texlive/2025/texmf-dist/tex/latex/pgf/systemlayer/pgfsys.sty (c:/texlive/2025/texmf-dist/tex/generic/pgf/systemlayer/pgfsys.code.tex
Package: pgfsys 2025-08-29 v3.1.11a (3.1.11a)
 (c:/texlive/2025/texmf-dist/tex/generic/pgf/utilities/pgfkeys.code.tex
\pgfkeys@pathtoks=\toks23
\pgfkeys@temptoks=\toks24
 (c:/texlive/2025/texmf-dist/tex/generic/pgf/utilities/pgfkeyslibraryfiltered.code.tex
\pgfkeys@tmptoks=\toks25
))
\pgf@x=\dimen155
\pgf@y=\dimen156
\pgf@xa=\dimen157
\pgf@ya=\dimen158
\pgf@xb=\dimen159
\pgf@yb=\dimen160
\pgf@xc=\dimen161
\pgf@yc=\dimen162
\pgf@xd=\dimen163
\pgf@yd=\dimen164
\w@pgf@writea=\write3
\r@pgf@reada=\read3
\c@pgf@counta=\count289
\c@pgf@countb=\count290
\c@pgf@countc=\count291
\c@pgf@countd=\count292
\t@pgf@toka=\toks26
\t@pgf@tokb=\toks27
\t@pgf@tokc=\toks28
\pgf@sys@id@count=\count293
 (c:/texlive/2025/texmf-dist/tex/generic/pgf/systemlayer/pgf.cfg
File: pgf.cfg 2025-08-29 v3.1.11a (3.1.11a)
)
Driver file for pgf: pgfsys-pdftex.def
 (c:/texlive/2025/texmf-dist/tex/generic/pgf/systemlayer/pgfsys-pdftex.def
File: pgfsys-pdftex.def 2025-08-29 v3.1.11a (3.1.11a)
 (c:/texlive/2025/texmf-dist/tex/generic/pgf/systemlayer/pgfsys-common-pdf.def
File: pgfsys-common-pdf.def 2025-08-29 v3.1.11a (3.1.11a)
))) (c:/texlive/2025/texmf-dist/tex/generic/pgf/systemlayer/pgfsyssoftpath.code.tex
File: pgfsyssoftpath.code.tex 2025-08-29 v3.1.11a (3.1.11a)
\pgfsyssoftpath@smallbuffer@items=\count294
\pgfsyssoftpath@bigbuffer@items=\count295
) (c:/texlive/2025/texmf-dist/tex/generic/pgf/systemlayer/pgfsysprotocol.code.tex
File: pgfsysprotocol.code.tex 2025-08-29 v3.1.11a (3.1.11a)
)) (c:/texlive/2025/texmf-dist/tex/latex/xcolor/xcolor.sty
Package: xcolor 2024/09/29 v3.02 LaTeX color extensions (UK)
 (c:/texlive/2025/texmf-dist/tex/latex/graphics-cfg/color.cfg
File: color.cfg 2016/01/02 v1.6 sample color configuration
)
Package xcolor Info: Driver file: pdftex.def on input line 274.
 (c:/texlive/2025/texmf-dist/tex/latex/graphics/mathcolor.ltx)
Package xcolor Info: Model `cmy' substituted by `cmy0' on input line 1349.
Package xcolor Info: Model `hsb' substituted by `rgb' on input line 1353.
Package xcolor Info: Model `RGB' extended on input line 1365.
Package xcolor Info: Model `HTML' substituted by `rgb' on input line 1367.
Package xcolor Info: Model `Hsb' substituted by `hsb' on input line 1368.
Package xcolor Info: Model `tHsb' substituted by `hsb' on input line 1369.
Package xcolor Info: Model `HSB' substituted by `hsb' on input line 1370.
Package xcolor Info: Model `Gray' substituted by `gray' on input line 1371.
Package xcolor Info: Model `wave' substituted by `hsb' on input line 1372.
) (c:/texlive/2025/texmf-dist/tex/generic/pgf/basiclayer/pgfcore.code.tex
Package: pgfcore 2025-08-29 v3.1.11a (3.1.11a)
 (c:/texlive/2025/texmf-dist/tex/generic/pgf/math/pgfmath.code.tex (c:/texlive/2025/texmf-dist/tex/generic/pgf/math/pgfmathutil.code.tex) (c:/texlive/2025/texmf-dist/tex/generic/pgf/math/pgfmathparser.code.tex
\pgfmath@dimen=\dimen165
\pgfmath@count=\count296
\pgfmath@box=\box57
\pgfmath@toks=\toks29
\pgfmath@stack@operand=\toks30
\pgfmath@stack@operation=\toks31
) (c:/texlive/2025/texmf-dist/tex/generic/pgf/math/pgfmathfunctions.code.tex) (c:/texlive/2025/texmf-dist/tex/generic/pgf/math/pgfmathfunctions.basic.code.tex) (c:/texlive/2025/texmf-dist/tex/generic/pgf/math/pgfmathfunctions.trigonometric.code.tex) (c:/texlive/2025/texmf-dist/tex/generic/pgf/math/pgfmathfunctions.random.code.tex) (c:/texlive/2025/texmf-dist/tex/generic/pgf/math/pgfmathfunctions.comparison.code.tex) (c:/texlive/2025/texmf-dist/tex/generic/pgf/math/pgfmathfunctions.base.code.tex) (c:/texlive/2025/texmf-dist/tex/generic/pgf/math/pgfmathfunctions.round.code.tex) (c:/texlive/2025/texmf-dist/tex/generic/pgf/math/pgfmathfunctions.misc.code.tex) (c:/texlive/2025/texmf-dist/tex/generic/pgf/math/pgfmathfunctions.integerarithmetics.code.tex) (c:/texlive/2025/texmf-dist/tex/generic/pgf/math/pgfmathcalc.code.tex) (c:/texlive/2025/texmf-dist/tex/generic/pgf/math/pgfmathfloat.code.tex
\c@pgfmathroundto@lastzeros=\count297
)) (c:/texlive/2025/texmf-dist/tex/generic/pgf/math/pgfint.code.tex) (c:/texlive/2025/texmf-dist/tex/generic/pgf/basiclayer/pgfcorepoints.code.tex
File: pgfcorepoints.code.tex 2025-08-29 v3.1.11a (3.1.11a)
\pgf@picminx=\dimen166
\pgf@picmaxx=\dimen167
\pgf@picminy=\dimen168
\pgf@picmaxy=\dimen169
\pgf@pathminx=\dimen170
\pgf@pathmaxx=\dimen171
\pgf@pathminy=\dimen172
\pgf@pathmaxy=\dimen173
\pgf@xx=\dimen174
\pgf@xy=\dimen175
\pgf@yx=\dimen176
\pgf@yy=\dimen177
\pgf@zx=\dimen178
\pgf@zy=\dimen179
) (c:/texlive/2025/texmf-dist/tex/generic/pgf/basiclayer/pgfcorepathconstruct.code.tex
File: pgfcorepathconstruct.code.tex 2025-08-29 v3.1.11a (3.1.11a)
\pgf@path@lastx=\dimen180
\pgf@path@lasty=\dimen181
) (c:/texlive/2025/texmf-dist/tex/generic/pgf/basiclayer/pgfcorepathusage.code.tex
File: pgfcorepathusage.code.tex 2025-08-29 v3.1.11a (3.1.11a)
\pgf@shorten@end@additional=\dimen182
\pgf@shorten@start@additional=\dimen183
) (c:/texlive/2025/texmf-dist/tex/generic/pgf/basiclayer/pgfcorescopes.code.tex
File: pgfcorescopes.code.tex 2025-08-29 v3.1.11a (3.1.11a)
\pgfpic=\box58
\pgf@hbox=\box59
\pgf@layerbox@main=\box60
\pgf@picture@serial@count=\count298
) (c:/texlive/2025/texmf-dist/tex/generic/pgf/basiclayer/pgfcoregraphicstate.code.tex
File: pgfcoregraphicstate.code.tex 2025-08-29 v3.1.11a (3.1.11a)
\pgflinewidth=\dimen184
) (c:/texlive/2025/texmf-dist/tex/generic/pgf/basiclayer/pgfcoretransformations.code.tex
File: pgfcoretransformations.code.tex 2025-08-29 v3.1.11a (3.1.11a)
\pgf@pt@x=\dimen185
\pgf@pt@y=\dimen186
\pgf@pt@temp=\dimen187
) (c:/texlive/2025/texmf-dist/tex/generic/pgf/basiclayer/pgfcorequick.code.tex
File: pgfcorequick.code.tex 2025-08-29 v3.1.11a (3.1.11a)
) (c:/texlive/2025/texmf-dist/tex/generic/pgf/basiclayer/pgfcoreobjects.code.tex
File: pgfcoreobjects.code.tex 2025-08-29 v3.1.11a (3.1.11a)
) (c:/texlive/2025/texmf-dist/tex/generic/pgf/basiclayer/pgfcorepathprocessing.code.tex
File: pgfcorepathprocessing.code.tex 2025-08-29 v3.1.11a (3.1.11a)
) (c:/texlive/2025/texmf-dist/tex/generic/pgf/basiclayer/pgfcorearrows.code.tex
File: pgfcorearrows.code.tex 2025-08-29 v3.1.11a (3.1.11a)
\pgfarrowsep=\dimen188
) (c:/texlive/2025/texmf-dist/tex/generic/pgf/basiclayer/pgfcoreshade.code.tex
File: pgfcoreshade.code.tex 2025-08-29 v3.1.11a (3.1.11a)
\pgf@max=\dimen189
\pgf@sys@shading@range@num=\count299
\pgf@shadingcount=\count300
) (c:/texlive/2025/texmf-dist/tex/generic/pgf/basiclayer/pgfcoreimage.code.tex
File: pgfcoreimage.code.tex 2025-08-29 v3.1.11a (3.1.11a)
) (c:/texlive/2025/texmf-dist/tex/generic/pgf/basiclayer/pgfcoreexternal.code.tex
File: pgfcoreexternal.code.tex 2025-08-29 v3.1.11a (3.1.11a)
\pgfexternal@startupbox=\box61
) (c:/texlive/2025/texmf-dist/tex/generic/pgf/basiclayer/pgfcorelayers.code.tex
File: pgfcorelayers.code.tex 2025-08-29 v3.1.11a (3.1.11a)
) (c:/texlive/2025/texmf-dist/tex/generic/pgf/basiclayer/pgfcoretransparency.code.tex
File: pgfcoretransparency.code.tex 2025-08-29 v3.1.11a (3.1.11a)
) (c:/texlive/2025/texmf-dist/tex/generic/pgf/basiclayer/pgfcorepatterns.code.tex
File: pgfcorepatterns.code.tex 2025-08-29 v3.1.11a (3.1.11a)
) (c:/texlive/2025/texmf-dist/tex/generic/pgf/basiclayer/pgfcorerdf.code.tex
File: pgfcorerdf.code.tex 2025-08-29 v3.1.11a (3.1.11a)
))) (c:/texlive/2025/texmf-dist/tex/generic/pgf/modules/pgfmoduleshapes.code.tex
File: pgfmoduleshapes.code.tex 2025-08-29 v3.1.11a (3.1.11a)
\pgfnodeparttextbox=\box62
) (c:/texlive/2025/texmf-dist/tex/generic/pgf/modules/pgfmoduleplot.code.tex
File: pgfmoduleplot.code.tex 2025-08-29 v3.1.11a (3.1.11a)
) (c:/texlive/2025/texmf-dist/tex/latex/pgf/compatibility/pgfcomp-version-0-65.sty
Package: pgfcomp-version-0-65 2025-08-29 v3.1.11a (3.1.11a)
\pgf@nodesepstart=\dimen190
\pgf@nodesepend=\dimen191
) (c:/texlive/2025/texmf-dist/tex/latex/pgf/compatibility/pgfcomp-version-1-18.sty
Package: pgfcomp-version-1-18 2025-08-29 v3.1.11a (3.1.11a)
)) (c:/texlive/2025/texmf-dist/tex/latex/pgf/utilities/pgffor.sty (c:/texlive/2025/texmf-dist/tex/latex/pgf/utilities/pgfkeys.sty (c:/texlive/2025/texmf-dist/tex/generic/pgf/utilities/pgfkeys.code.tex)) (c:/texlive/2025/texmf-dist/tex/latex/pgf/math/pgfmath.sty (c:/texlive/2025/texmf-dist/tex/generic/pgf/math/pgfmath.code.tex)) (c:/texlive/2025/texmf-dist/tex/generic/pgf/utilities/pgffor.code.tex
Package: pgffor 2025-08-29 v3.1.11a (3.1.11a)
\pgffor@iter=\dimen192
\pgffor@skip=\dimen193
\pgffor@stack=\toks32
\pgffor@toks=\toks33
)) (c:/texlive/2025/texmf-dist/tex/generic/pgf/frontendlayer/tikz/tikz.code.tex
Package: tikz 2025-08-29 v3.1.11a (3.1.11a)
 (c:/texlive/2025/texmf-dist/tex/generic/pgf/libraries/pgflibraryplothandlers.code.tex
File: pgflibraryplothandlers.code.tex 2025-08-29 v3.1.11a (3.1.11a)
\pgf@plot@mark@count=\count301
\pgfplotmarksize=\dimen194
)
\tikz@lastx=\dimen195
\tikz@lasty=\dimen196
\tikz@lastxsaved=\dimen197
\tikz@lastysaved=\dimen198
\tikz@lastmovetox=\dimen199
\tikz@lastmovetoy=\dimen256
\tikzleveldistance=\dimen257
\tikzsiblingdistance=\dimen258
\tikz@figbox=\box63
\tikz@figbox@bg=\box64
\tikz@tempbox=\box65
\tikz@tempbox@bg=\box66
\tikztreelevel=\count302
\tikznumberofchildren=\count303
\tikznumberofcurrentchild=\count304
\tikz@fig@count=\count305
 (c:/texlive/2025/texmf-dist/tex/generic/pgf/modules/pgfmodulematrix.code.tex
File: pgfmodulematrix.code.tex 2025-08-29 v3.1.11a (3.1.11a)
\pgfmatrixcurrentrow=\count306
\pgfmatrixcurrentcolumn=\count307
\pgf@matrix@numberofcolumns=\count308
)
\tikz@expandcount=\count309
 (c:/texlive/2025/texmf-dist/tex/generic/pgf/frontendlayer/tikz/libraries/tikzlibrarytopaths.code.tex
File: tikzlibrarytopaths.code.tex 2025-08-29 v3.1.11a (3.1.11a)
))) (c:/texlive/2025/texmf-dist/tex/generic/pgf/frontendlayer/tikz/libraries/tikzlibrarypatterns.code.tex
File: tikzlibrarypatterns.code.tex 2025-08-29 v3.1.11a (3.1.11a)
 (c:/texlive/2025/texmf-dist/tex/generic/pgf/libraries/pgflibrarypatterns.code.tex
File: pgflibrarypatterns.code.tex 2025-08-29 v3.1.11a (3.1.11a)
)) (c:/texlive/2025/texmf-dist/tex/latex/geometry/geometry.sty
Package: geometry 2020/01/02 v5.9 Page Geometry
 (c:/texlive/2025/texmf-dist/tex/generic/iftex/ifvtex.sty
Package: ifvtex 2019/10/25 v1.7 ifvtex legacy package. Use iftex instead.
 (c:/texlive/2025/texmf-dist/tex/generic/iftex/iftex.sty
Package: iftex 2024/12/12 v1.0g TeX engine tests
))
\Gm@cnth=\count310
\Gm@cntv=\count311
\c@Gm@tempcnt=\count312
\Gm@bindingoffset=\dimen259
\Gm@wd@mp=\dimen260
\Gm@odd@mp=\dimen261
\Gm@even@mp=\dimen262
\Gm@layoutwidth=\dimen263
\Gm@layoutheight=\dimen264
\Gm@layouthoffset=\dimen265
\Gm@layoutvoffset=\dimen266
\Gm@dimlist=\toks34
)
\c@kartennummer=\count313
 (c:/texlive/2025/texmf-dist/tex/latex/koma-script/scrlayer-scrpage.sty
Package: scrlayer-scrpage 2025/09/09 v3.48 KOMA-Script package (end user interface for scrlayer)
 (c:/texlive/2025/texmf-dist/tex/latex/koma-script/scrlayer.sty
Package: scrlayer 2025/09/09 v3.48 KOMA-Script package (defining layers and page styles)
Package scrlayer Info: patching LaTeX kernel macro \pagestyle on input line 2179.
)
Package scrlayer-scrpage Info: Makeing stand-alone element `pagehead' from
(scrlayer-scrpage)             alias to `pageheadfoot' on input line 1106.
) (c:/texlive/2025/texmf-dist/tex/latex/cmbright/cmbright.sty
Package: cmbright 2005/04/13 v8.1 (WaS)
LaTeX Font Info:    Redeclaring symbol font `operators' on input line 29.
LaTeX Font Info:    Overwriting symbol font `operators' in version `normal'
(Font)                  OT1/lmr/m/n --> OT1/cmbr/m/n on input line 29.
LaTeX Font Info:    Overwriting symbol font `operators' in version `bold'
(Font)                  OT1/lmr/bx/n --> OT1/cmbr/m/n on input line 29.
LaTeX Font Info:    Redeclaring symbol font `letters' on input line 30.
LaTeX Font Info:    Overwriting symbol font `letters' in version `normal'
(Font)                  OML/lmm/m/it --> OML/cmbrm/m/it on input line 30.
LaTeX Font Info:    Overwriting symbol font `letters' in version `bold'
(Font)                  OML/lmm/b/it --> OML/cmbrm/m/it on input line 30.
LaTeX Font Info:    Overwriting symbol font `letters' in version `bold'
(Font)                  OML/cmbrm/m/it --> OML/cmbrm/b/it on input line 31.
LaTeX Font Info:    Redeclaring symbol font `symbols' on input line 32.
LaTeX Font Info:    Overwriting symbol font `symbols' in version `normal'
(Font)                  OMS/lmsy/m/n --> OMS/cmbrs/m/n on input line 32.
LaTeX Font Info:    Overwriting symbol font `symbols' in version `bold'
(Font)                  OMS/lmsy/b/n --> OMS/cmbrs/m/n on input line 32.
LaTeX Font Info:    Redeclaring math alphabet \mathit on input line 33.
LaTeX Font Info:    Overwriting math alphabet `\mathit' in version `normal'
(Font)                  OT1/lmr/m/it --> OT1/cmbr/m/sl on input line 33.
LaTeX Font Info:    Overwriting math alphabet `\mathit' in version `bold'
(Font)                  OT1/lmr/bx/it --> OT1/cmbr/m/sl on input line 33.
LaTeX Font Info:    Redeclaring math alphabet \mathbf on input line 34.
LaTeX Font Info:    Overwriting math alphabet `\mathbf' in version `normal'
(Font)                  OT1/lmr/bx/n --> OT1/cmbr/bx/n on input line 34.
LaTeX Font Info:    Overwriting math alphabet `\mathbf' in version `bold'
(Font)                  OT1/lmr/bx/n --> OT1/cmbr/bx/n on input line 34.
LaTeX Font Info:    Redeclaring math alphabet \mathtt on input line 35.
LaTeX Font Info:    Overwriting math alphabet `\mathtt' in version `normal'
(Font)                  OT1/lmtt/m/n --> OT1/cmtl/m/n on input line 35.
LaTeX Font Info:    Overwriting math alphabet `\mathtt' in version `bold'
(Font)                  OT1/lmtt/m/n --> OT1/cmtl/m/n on input line 35.
LaTeX Font Info:    Redeclaring math symbol \alpha on input line 37.
LaTeX Font Info:    Redeclaring math symbol \beta on input line 38.
LaTeX Font Info:    Redeclaring math symbol \gamma on input line 39.
LaTeX Font Info:    Redeclaring math symbol \delta on input line 40.
LaTeX Font Info:    Redeclaring math symbol \epsilon on input line 41.
LaTeX Font Info:    Redeclaring math symbol \zeta on input line 42.
LaTeX Font Info:    Redeclaring math symbol \eta on input line 43.
LaTeX Font Info:    Redeclaring math symbol \theta on input line 44.
LaTeX Font Info:    Redeclaring math symbol \iota on input line 45.
LaTeX Font Info:    Redeclaring math symbol \kappa on input line 46.
LaTeX Font Info:    Redeclaring math symbol \lambda on input line 47.
LaTeX Font Info:    Redeclaring math symbol \mu on input line 48.
LaTeX Font Info:    Redeclaring math symbol \nu on input line 49.
LaTeX Font Info:    Redeclaring math symbol \xi on input line 50.
LaTeX Font Info:    Redeclaring math symbol \pi on input line 51.
LaTeX Font Info:    Redeclaring math symbol \rho on input line 52.
LaTeX Font Info:    Redeclaring math symbol \sigma on input line 53.
LaTeX Font Info:    Redeclaring math symbol \tau on input line 54.
LaTeX Font Info:    Redeclaring math symbol \upsilon on input line 55.
LaTeX Font Info:    Redeclaring math symbol \phi on input line 56.
LaTeX Font Info:    Redeclaring math symbol \chi on input line 57.
LaTeX Font Info:    Redeclaring math symbol \psi on input line 58.
LaTeX Font Info:    Redeclaring math symbol \omega on input line 59.
LaTeX Font Info:    Redeclaring math symbol \varepsilon on input line 60.
LaTeX Font Info:    Redeclaring math symbol \vartheta on input line 61.
LaTeX Font Info:    Redeclaring math symbol \varpi on input line 62.
LaTeX Font Info:    Redeclaring math symbol \varrho on input line 63.
LaTeX Font Info:    Redeclaring math symbol \varsigma on input line 64.
LaTeX Font Info:    Redeclaring math symbol \varphi on input line 65.
LaTeX Info: Redefining \LaTeX on input line 129.
LaTeX Info: Redefining \LaTeXe on input line 139.
LaTeX Font Info:    Trying to load font information for T1+cmbr on input line 144.
 (c:/texlive/2025/texmf-dist/tex/latex/cmbright/t1cmbr.fd
File: t1cmbr.fd 2005/04/13 v8.1 (WaS)
)) (c:/texlive/2025/texmf-dist/tex/latex/diagbox/diagbox.sty
Package: diagbox 2020/02/09 v2.3 Making table heads with diagonal lines
 (c:/texlive/2025/texmf-dist/tex/latex/pict2e/pict2e.sty
Package: pict2e 2020/09/30 v0.4b Improved picture commands (HjG,RN,JT)
 (c:/texlive/2025/texmf-dist/tex/latex/pict2e/pict2e.cfg
File: pict2e.cfg 2016/02/05 v0.1u pict2e configuration for teTeX/TeXLive
)
Package pict2e Info: Driver file: pdftex.def on input line 112.
Package pict2e Info: Driver file for pict2e: p2e-pdftex.def on input line 114.
 (c:/texlive/2025/texmf-dist/tex/latex/pict2e/p2e-pdftex.def
File: p2e-pdftex.def 2016/02/05 v0.1u Driver-dependant file (RN,HjG,JT)
)
\pIIe@GRAPH=\toks35
\@arclen=\dimen267
\@arcrad=\dimen268
\pIIe@tempdima=\dimen269
\pIIe@tempdimb=\dimen270
\pIIe@tempdimc=\dimen271
\pIIe@tempdimd=\dimen272
\pIIe@tempdime=\dimen273
\pIIe@tempdimf=\dimen274
) (c:/texlive/2025/texmf-dist/tex/latex/tools/calc.sty
Package: calc 2025/03/01 v4.3b Infix arithmetic (KKT,FJ)
\calc@Acount=\count314
\calc@Bcount=\count315
\calc@Adimen=\dimen275
\calc@Bdimen=\dimen276
\calc@Askip=\skip66
\calc@Bskip=\skip67
LaTeX Info: Redefining \setlength on input line 86.
LaTeX Info: Redefining \addtolength on input line 87.
\calc@Ccount=\count316
\calc@Cskip=\skip68
) (c:/texlive/2025/texmf-dist/tex/latex/tools/array.sty
Package: array 2025/09/25 v2.6n Tabular extension package (FMi)
\col@sep=\dimen277
\ar@mcellbox=\box67
\extrarowheight=\dimen278
\NC@list=\toks36
\extratabsurround=\skip69
\backup@length=\skip70
\ar@cellbox=\box68
)
\diagbox@boxa=\box69
\diagbox@boxb=\box70
\diagbox@boxm=\box71
\diagbox@wd=\dimen279
\diagbox@ht=\dimen280
\diagbox@insepl=\dimen281
\diagbox@insepr=\dimen282
\diagbox@outsepl=\dimen283
\diagbox@outsepr=\dimen284
) (c:/texlive/2025/texmf-dist/tex/latex/tools/tabularx.sty
Package: tabularx 2023/12/11 v2.12a `tabularx' package (DPC)
\TX@col@width=\dimen285
\TX@old@table=\dimen286
\TX@old@col=\dimen287
\TX@target=\dimen288
\TX@delta=\dimen289
\TX@cols=\count317
\TX@ftn=\toks37
) (c:/texlive/2025/texmf-dist/tex/latex/fancybox/fancybox.sty
Package: fancybox 2010/05/15 1.4

Style option: `fancybox' v1.4 <2010/05/15> (tvz)
\@fancybox=\box72
\shadowsize=\dimen290
\@Sbox=\box73
\do@VerbBox=\toks38
\the@fancyput=\toks39
\this@fancyput=\toks40
\EndVerbatimTokens=\toks41
\Verbatim@Outfile=\write4
\Verbatim@Infile=\read4
) (c:/texlive/2025/texmf-dist/tex/latex/enumitem/enumitem.sty
Package: enumitem 2025/02/06 v3.11 Customized lists
\labelindent=\skip71
\enit@outerparindent=\dimen291
\enit@toks=\toks42
\enit@inbox=\box74
\enit@count@id=\count318
\enitdp@description=\count319
) (c:/texlive/2025/texmf-dist/tex/generic/pgf/frontendlayer/tikz/libraries/tikzlibrarybackgrounds.code.tex
File: tikzlibrarybackgrounds.code.tex 2025-08-29 v3.1.11a (3.1.11a)
\pgf@layerbox@background=\box75
\pgf@layerboxsaved@background=\box76
) (c:/texlive/2025/texmf-dist/tex/generic/pgf/frontendlayer/tikz/libraries/tikzlibrarycalc.code.tex
File: tikzlibrarycalc.code.tex 2025-08-29 v3.1.11a (3.1.11a)
) (c:/texlive/2025/texmf-dist/tex/generic/pgf/frontendlayer/tikz/libraries/tikzlibraryintersections.code.tex (c:/texlive/2025/texmf-dist/tex/generic/pgf/libraries/pgflibraryintersections.code.tex (c:/texlive/2025/texmf-dist/tex/generic/pgf/libraries/pgflibraryfpu.code.tex)
\pgf@intersect@solutions=\count320
)) (c:/texlive/2025/texmf-dist/tex/latex/pgf/frontendlayer/libraries/tikzlibraryexternal.code.tex (c:/texlive/2025/texmf-dist/tex/generic/pdftexcmds/pdftexcmds.sty
Package: pdftexcmds 2020-06-27 v0.33 Utility functions of pdfTeX for LuaTeX (HO)
 (c:/texlive/2025/texmf-dist/tex/generic/infwarerr/infwarerr.sty
Package: infwarerr 2019/12/03 v1.5 Providing info/warning/error messages (HO)
) (c:/texlive/2025/texmf-dist/tex/generic/ltxcmds/ltxcmds.sty
Package: ltxcmds 2023-12-04 v1.26 LaTeX kernel commands for general use (HO)
)
Package pdftexcmds Info: \pdf@primitive is available.
Package pdftexcmds Info: \pdf@ifprimitive is available.
Package pdftexcmds Info: \pdfdraftmode found.
) (c:/texlive/2025/texmf-dist/tex/latex/base/atveryend-ltx.sty
Package: atveryend-ltx 2020/08/19 v1.0a Emulation of the original atveryend package
with kernel methods
) (c:/texlive/2025/texmf-dist/tex/generic/pgf/frontendlayer/tikz/libraries/tikzexternalshared.code.tex)) (c:/texlive/2025/texmf-dist/tex/latex/tikz-3dplot/tikz-3dplot.sty (c:/texlive/2025/texmf-dist/tex/latex/base/ifthen.sty
Package: ifthen 2024/03/16 v1.1e Standard LaTeX ifthen package (DPC)
) (c:/texlive/2025/texmf-dist/tex/generic/pgf/frontendlayer/tikz/libraries/tikzlibrary3d.code.tex
File: tikzlibrary3d.code.tex 2025-08-29 v3.1.11a (3.1.11a)
) (c:/texlive/2025/texmf-dist/tex/generic/pgf/frontendlayer/tikz/libraries/tikzlibraryarrows.code.tex
File: tikzlibraryarrows.code.tex 2025-08-29 v3.1.11a (3.1.11a)
 (c:/texlive/2025/texmf-dist/tex/generic/pgf/libraries/pgflibraryarrows.code.tex
File: pgflibraryarrows.code.tex 2025-08-29 v3.1.11a (3.1.11a)
\arrowsize=\dimen292
))) (c:/texlive/2025/texmf-dist/tex/latex/amsmath/amsmath.sty
Package: amsmath 2025/07/09 v2.17z AMS math features
\@mathmargin=\skip72

For additional information on amsmath, use the `?' option.
(c:/texlive/2025/texmf-dist/tex/latex/amsmath/amstext.sty
Package: amstext 2024/11/17 v2.01 AMS text
 (c:/texlive/2025/texmf-dist/tex/latex/amsmath/amsgen.sty
File: amsgen.sty 1999/11/30 v2.0 generic functions
\@emptytoks=\toks43
\ex@=\dimen293
)) (c:/texlive/2025/texmf-dist/tex/latex/amsmath/amsbsy.sty
Package: amsbsy 1999/11/29 v1.2d Bold Symbols
\pmbraise@=\dimen294
) (c:/texlive/2025/texmf-dist/tex/latex/amsmath/amsopn.sty
Package: amsopn 2022/04/08 v2.04 operator names
)
\inf@bad=\count321
LaTeX Info: Redefining \frac on input line 233.
\uproot@=\count322
\leftroot@=\count323
LaTeX Info: Redefining \overline on input line 398.
LaTeX Info: Redefining \colon on input line 409.
\classnum@=\count324
\DOTSCASE@=\count325
LaTeX Info: Redefining \ldots on input line 495.
LaTeX Info: Redefining \dots on input line 498.
LaTeX Info: Redefining \cdots on input line 619.
\Mathstrutbox@=\box77
\strutbox@=\box78
LaTeX Info: Redefining \big on input line 721.
LaTeX Info: Redefining \Big on input line 722.
LaTeX Info: Redefining \bigg on input line 723.
LaTeX Info: Redefining \Bigg on input line 724.
\big@size=\dimen295
LaTeX Font Info:    Redeclaring font encoding OML on input line 742.
LaTeX Font Info:    Redeclaring font encoding OMS on input line 743.
\macc@depth=\count326
LaTeX Info: Redefining \bmod on input line 904.
LaTeX Info: Redefining \pmod on input line 909.
LaTeX Info: Redefining \smash on input line 939.
LaTeX Info: Redefining \relbar on input line 969.
LaTeX Info: Redefining \Relbar on input line 970.
\c@MaxMatrixCols=\count327
\dotsspace@=\muskip18
\c@parentequation=\count328
\dspbrk@lvl=\count329
\tag@help=\toks44
\row@=\count330
\column@=\count331
\maxfields@=\count332
\andhelp@=\toks45
\eqnshift@=\dimen296
\alignsep@=\dimen297
\tagshift@=\dimen298
\tagwidth@=\dimen299
\totwidth@=\dimen300
\lineht@=\dimen301
\@envbody=\toks46
\multlinegap=\skip73
\multlinetaggap=\skip74
\mathdisplay@stack=\toks47
LaTeX Info: Redefining \[ on input line 2950.
LaTeX Info: Redefining \] on input line 2951.
) (c:/texlive/2025/texmf-dist/tex/latex/amsfonts/amsfonts.sty
Package: amsfonts 2013/01/14 v3.01 Basic AMSFonts support
\symAMSa=\mathgroup4
\symAMSb=\mathgroup5
LaTeX Font Info:    Redeclaring math symbol \hbar on input line 98.
LaTeX Font Info:    Overwriting math alphabet `\mathfrak' in version `bold'
(Font)                  U/euf/m/n --> U/euf/b/n on input line 106.
) (c:/texlive/2025/texmf-dist/tex/latex/amsfonts/amssymb.sty
Package: amssymb 2013/01/14 v3.01 AMS font symbols
) (c:/texlive/2025/texmf-dist/tex/latex/mathtools/mathtools.sty
Package: mathtools 2024/10/04 v1.31 mathematical typesetting tools
 (c:/texlive/2025/texmf-dist/tex/latex/mathtools/mhsetup.sty
Package: mhsetup 2021/03/18 v1.4 programming setup (MH)
)
\g_MT_multlinerow_int=\count333
\l_MT_multwidth_dim=\dimen302
\origjot=\skip75
\l_MT_shortvdotswithinadjustabove_dim=\dimen303
\l_MT_shortvdotswithinadjustbelow_dim=\dimen304
\l_MT_above_intertext_sep=\dimen305
\l_MT_below_intertext_sep=\dimen306
\l_MT_above_shortintertext_sep=\dimen307
\l_MT_below_shortintertext_sep=\dimen308
\xmathstrut@box=\box79
\xmathstrut@dim=\dimen309
) (c:/texlive/2025/texmf-dist/tex/latex/doublestroke/dsfont.sty
Package: dsfont 1995/08/01 v0.1 Double stroke roman fonts
) (c:/texlive/2025/texmf-dist/tex/latex/units/nicefrac.sty
Package: nicefrac 1998/08/04 v0.9b Nice fractions
\L@UnitsRaiseDisplaystyle=\skip76
\L@UnitsRaiseTextstyle=\skip77
\L@UnitsRaiseScriptstyle=\skip78
) (c:/texlive/2025/texmf-dist/tex/latex/was/icomma.sty
Package: icomma 2002/03/10 v2.0 (WaS)
) (c:/texlive/2025/texmf-dist/tex/latex/extarrows/extarrows.sty
Package: extarrows 2020/03/12 v1.2.0 Some extensible arrows
) (c:/texlive/2025/texmf-dist/tex/latex/was/upgreek.sty
Package: upgreek 2003/02/12 v2.0 (WaS)
Package upgreek Info: Using Euler Roman for upright Greek on input line 31.
\symugrf@m=\mathgroup6
LaTeX Font Info:    Overwriting symbol font `ugrf@m' in version `bold'
(Font)                  U/eur/m/n --> U/eur/b/n on input line 38.
) (c:/texlive/2025/texmf-dist/tex/latex/esvect/esvect.sty
Package: esvect 
\symesvector=\mathgroup7
)) (c:/texlive/2025/texmf-dist/tex/latex/l3backend/l3backend-pdftex.def
File: l3backend-pdftex.def 2025-10-09 L3 backend support: PDF output (pdfTeX)
\l__color_backend_stack_int=\count334
) (./Karteikarten_Akademus.aux
Package babel Info: 'ngerman' activates 'ngerman' shorthands.
(babel)             Reported on input line 6.
)
\openout1 = `Karteikarten_Akademus.aux'.

LaTeX Font Info:    Checking defaults for OML/cmm/m/it on input line 4.
LaTeX Font Info:    ... okay on input line 4.
LaTeX Font Info:    Checking defaults for OMS/cmsy/m/n on input line 4.
LaTeX Font Info:    ... okay on input line 4.
LaTeX Font Info:    Checking defaults for OT1/cmr/m/n on input line 4.
LaTeX Font Info:    ... okay on input line 4.
LaTeX Font Info:    Checking defaults for T1/cmr/m/n on input line 4.
LaTeX Font Info:    ... okay on input line 4.
LaTeX Font Info:    Checking defaults for TS1/cmr/m/n on input line 4.
LaTeX Font Info:    ... okay on input line 4.
LaTeX Font Info:    Checking defaults for OMX/cmex/m/n on input line 4.
LaTeX Font Info:    ... okay on input line 4.
LaTeX Font Info:    Checking defaults for U/cmr/m/n on input line 4.
LaTeX Font Info:    ... okay on input line 4.
LaTeX Info: Redefining \microtypecontext on input line 4.
Package microtype Info: Applying patch `item' on input line 4.
Package microtype Info: Applying patch `toc' on input line 4.
Package microtype Info: Applying patch `eqnum' on input line 4.
Package microtype Info: Applying patch `footnote' on input line 4.
Package microtype Info: Applying patch `verbatim' on input line 4.
LaTeX Info: Redefining \microtypesetup on input line 4.
Package microtype Info: Generating PDF output.
Package microtype Info: Character protrusion enabled (level 2).
Package microtype Info: Using default protrusion set `alltext'.
Package microtype Info: Automatic font expansion enabled (level 2),
(microtype)             stretch: 20, shrink: 20, step: 1, non-selected.
Package microtype Info: Using default expansion set `alltext-nott'.
Package microtype Info: Patching command `\showhyphens'.
Package microtype Info: No adjustment of tracking.
Package microtype Info: No adjustment of interword spacing.
Package microtype Info: No adjustment of character kerning.
Package microtype Info: Loading generic protrusion settings for font family
(microtype)             `cmbr' (encoding: T1).
(microtype)             For optimal results, create family-specific settings.
(microtype)             See the microtype manual for details.
 (c:/texlive/2025/texmf-dist/tex/context/base/mkii/supp-pdf.mkii
[Loading MPS to PDF converter (version 2006.09.02).]
\scratchcounter=\count335
\scratchdimen=\dimen310
\scratchbox=\box80
\nofMPsegments=\count336
\nofMParguments=\count337
\everyMPshowfont=\toks48
\MPscratchCnt=\count338
\MPscratchDim=\dimen311
\MPnumerator=\count339
\makeMPintoPDFobject=\count340
\everyMPtoPDFconversion=\toks49
) (c:/texlive/2025/texmf-dist/tex/latex/epstopdf-pkg/epstopdf-base.sty
Package: epstopdf-base 2020-01-24 v2.11 Base part for package epstopdf
Package epstopdf-base Info: Redefining graphics rule for `.eps' on input line 485.
 (c:/texlive/2025/texmf-dist/tex/latex/latexconfig/epstopdf-sys.cfg
File: epstopdf-sys.cfg 2010/07/13 v1.3 Configuration of (r)epstopdf for TeX Live
))
*geometry* driver: auto-detecting
*geometry* detected driver: pdftex
*geometry* verbose mode - [ preamble ] result:
* driver: pdftex
* paper: <default>
* layout: <same size as paper>
* layoutoffset:(h,v)=(0.0pt,0.0pt)
* modes: landscape twoside 
* h-part:(L,W,R)=(28.45274pt, 364.19534pt, 28.45274pt)
* v-part:(T,H,B)=(28.45274pt, 213.39572pt, 56.9055pt)
* \paperwidth=421.10083pt
* \paperheight=298.75397pt
* \textwidth=364.19534pt
* \textheight=213.39572pt
* \oddsidemargin=-43.81725pt
* \evensidemargin=-43.81725pt
* \topmargin=-83.69225pt
* \headheight=18.125pt
* \headsep=21.75pt
* \topskip=12.0pt
* \footskip=50.75pt
* \marginparwidth=105.2752pt
* \marginparsep=12.8401pt
* \columnsep=10.0pt
* \skip\footins=10.8pt plus 4.0pt minus 2.0pt
* \hoffset=0.0pt
* \voffset=0.0pt
* \mag=1000
* \@twocolumnfalse
* \@twosidetrue
* \@mparswitchtrue
* \@reversemarginfalse
* (1in=72.27pt=25.4mm, 1cm=28.453pt)

LaTeX Font Info:    Trying to load font information for OT1+cmbr on input line 13.
(c:/texlive/2025/texmf-dist/tex/latex/cmbright/ot1cmbr.fd
File: ot1cmbr.fd 2005/04/13 v8.1 (WaS)
)
Package microtype Info: Loading generic protrusion settings for font family
(microtype)             `cmbr' (encoding: OT1).
(microtype)             For optimal results, create family-specific settings.
(microtype)             See the microtype manual for details.
LaTeX Font Info:    Trying to load font information for OML+cmbrm on input line 13.
 (c:/texlive/2025/texmf-dist/tex/latex/cmbright/omlcmbrm.fd
File: omlcmbrm.fd 2005/04/13 v8.1 (WaS)
)
LaTeX Font Info:    Trying to load font information for OMS+cmbrs on input line 13.
 (c:/texlive/2025/texmf-dist/tex/latex/cmbright/omscmbrs.fd
File: omscmbrs.fd 2005/04/13 v8.1 (WaS)
)
LaTeX Font Info:    Trying to load font information for OMX+lmex on input line 13.
 (c:/texlive/2025/texmf-dist/tex/latex/lm/omxlmex.fd
File: omxlmex.fd 2015/05/01 v1.6.1 Font defs for Latin Modern
)
LaTeX Font Info:    External font `lmex10' loaded for size
(Font)              <14.4> on input line 13.
LaTeX Font Info:    External font `lmex10' loaded for size
(Font)              <10> on input line 13.
LaTeX Font Info:    External font `lmex10' loaded for size
(Font)              <7> on input line 13.
 (c:/texlive/2025/texmf-dist/tex/latex/microtype/mt-msa.cfg
File: mt-msa.cfg 2006/02/04 v1.1 microtype config. file: AMS symbols (a) (RS)
) (c:/texlive/2025/texmf-dist/tex/latex/microtype/mt-msb.cfg
File: mt-msb.cfg 2005/06/01 v1.0 microtype config. file: AMS symbols (b) (RS)
) (c:/texlive/2025/texmf-dist/tex/latex/microtype/mt-eur.cfg
File: mt-eur.cfg 2006/07/31 v1.1 microtype config. file: AMS Euler Roman (RS)
)
LaTeX Font Info:    Trying to load font information for U+esvect on input line 13.
 (c:/texlive/2025/texmf-dist/tex/latex/esvect/uesvect.fd
File: uesvect.fd 
)
LaTeX Font Info:    Trying to load font information for TS1+cmbr on input line 13.
 (c:/texlive/2025/texmf-dist/tex/latex/cmbright/ts1cmbr.fd
File: ts1cmbr.fd 2005/04/13 v8.1 (WaS)
)
Package microtype Info: Loading generic protrusion settings for font family
(microtype)             `cmbr' (encoding: TS1).
(microtype)             For optimal results, create family-specific settings.
(microtype)             See the microtype manual for details.
LaTeX Font Info:    External font `lmex10' loaded for size
(Font)              <12> on input line 14.
LaTeX Font Info:    External font `lmex10' loaded for size
(Font)              <8> on input line 14.
LaTeX Font Info:    External font `lmex10' loaded for size
(Font)              <6> on input line 14.

Overfull \hbox (12.59988pt too wide) in paragraph at lines 5--14
[]$[]$ 
 []

<1.png, id=4, 421.0932pt x 298.716pt>
File: 1.png Graphic file (type png)
<use 1.png>
Package pdftex.def Info: 1.png  used on input line 15.
(pdftex.def)             Requested size: 421.12428pt x 298.77907pt.
LaTeX Font Info:    Font shape `T1/cmbr/b/n' in size <12> not available
(Font)              Font shape `T1/cmbr/bx/n' tried instead on input line 15.
[1


{c:/texlive/2025/texmf-var/fonts/map/pdftex/updmap/pdftex.map}{c:/texlive/2025/texmf-dist/fonts/enc/dvips/cm-super/cm-super-t1.enc}{c:/texlive/2025/texmf-dist/fonts/enc/dvips/cm-super/cm-super-ts1.enc} <./1.png (PNG copy)>]
<2.png, id=14, 421.0932pt x 298.716pt>
File: 2.png Graphic file (type png)
<use 2.png>
Package pdftex.def Info: 2.png  used on input line 18.
(pdftex.def)             Requested size: 421.12428pt x 298.77907pt.
 [2

 <./2.png (PNG copy)>]
Overfull \hbox (12.59988pt too wide) in paragraph at lines 18--21
[]$[]$ 
 []

File: 1.png Graphic file (type png)
<use 1.png>
Package pdftex.def Info: 1.png  used on input line 22.
(pdftex.def)             Requested size: 421.12428pt x 298.77907pt.
[3

]
LaTeX Font Info:    External font `lmex10' loaded for size
(Font)              <17.28> on input line 24.
File: 2.png Graphic file (type png)
<use 2.png>
Package pdftex.def Info: 2.png  used on input line 28.
(pdftex.def)             Requested size: 421.12428pt x 298.77907pt.
 [4

]
LaTeX Font Info:    External font `lmex10' loaded for size
(Font)              <24.88> on input line 31.
LaTeX Font Info:    External font `lmex10' loaded for size
(Font)              <20.74> on input line 31.

Overfull \hbox (12.59988pt too wide) in paragraph at lines 28--33
[]$[]$ 
 []

File: 1.png Graphic file (type png)
<use 1.png>
Package pdftex.def Info: 1.png  used on input line 34.
(pdftex.def)             Requested size: 421.12428pt x 298.77907pt.
[5

]
File: 2.png Graphic file (type png)
<use 2.png>
Package pdftex.def Info: 2.png  used on input line 46.
(pdftex.def)             Requested size: 421.12428pt x 298.77907pt.
 [6

]
Overfull \hbox (12.59988pt too wide) in paragraph at lines 46--51
[]$[]$ 
 []

File: 1.png Graphic file (type png)
<use 1.png>
Package pdftex.def Info: 1.png  used on input line 52.
(pdftex.def)             Requested size: 421.12428pt x 298.77907pt.
[7

]
File: 2.png Graphic file (type png)
<use 2.png>
Package pdftex.def Info: 2.png  used on input line 68.
(pdftex.def)             Requested size: 421.12428pt x 298.77907pt.
 [8

{c:/texlive/2025/texmf-dist/fonts/enc/dvips/lm/lm-mathex.enc}]
Overfull \hbox (12.59988pt too wide) in paragraph at lines 68--70
[]$[]$ 
 []

File: 1.png Graphic file (type png)
<use 1.png>
Package pdftex.def Info: 1.png  used on input line 71.
(pdftex.def)             Requested size: 421.12428pt x 298.77907pt.
[9

]
File: 2.png Graphic file (type png)
<use 2.png>
Package pdftex.def Info: 2.png  used on input line 84.
(pdftex.def)             Requested size: 421.12428pt x 298.77907pt.
 [10

]
Overfull \hbox (12.59988pt too wide) in paragraph at lines 84--89
[]$[]$ 
 []

File: 1.png Graphic file (type png)
<use 1.png>
Package pdftex.def Info: 1.png  used on input line 90.
(pdftex.def)             Requested size: 421.12428pt x 298.77907pt.
[11

]
File: 2.png Graphic file (type png)
<use 2.png>
Package pdftex.def Info: 2.png  used on input line 99.
(pdftex.def)             Requested size: 421.12428pt x 298.77907pt.
 [12

]
Overfull \hbox (12.59988pt too wide) in paragraph at lines 99--104
[]$[]$ 
 []

File: 1.png Graphic file (type png)
<use 1.png>
Package pdftex.def Info: 1.png  used on input line 105.
(pdftex.def)             Requested size: 421.12428pt x 298.77907pt.
[13

]
File: 2.png Graphic file (type png)
<use 2.png>
Package pdftex.def Info: 2.png  used on input line 114.
(pdftex.def)             Requested size: 421.12428pt x 298.77907pt.
 [14

]
Overfull \hbox (12.59988pt too wide) in paragraph at lines 114--119
[]$[]$ 
 []

File: 1.png Graphic file (type png)
<use 1.png>
Package pdftex.def Info: 1.png  used on input line 120.
(pdftex.def)             Requested size: 421.12428pt x 298.77907pt.
[15

]
File: 2.png Graphic file (type png)
<use 2.png>
Package pdftex.def Info: 2.png  used on input line 133.
(pdftex.def)             Requested size: 421.12428pt x 298.77907pt.
 [16

]
Overfull \hbox (12.59988pt too wide) in paragraph at lines 133--138
[]$[]$ 
 []

File: 1.png Graphic file (type png)
<use 1.png>
Package pdftex.def Info: 1.png  used on input line 139.
(pdftex.def)             Requested size: 421.12428pt x 298.77907pt.
[17

]
File: 2.png Graphic file (type png)
<use 2.png>
Package pdftex.def Info: 2.png  used on input line 148.
(pdftex.def)             Requested size: 421.12428pt x 298.77907pt.
 [18

]
Overfull \hbox (12.59988pt too wide) in paragraph at lines 148--150
[]$[]$ 
 []

File: 1.png Graphic file (type png)
<use 1.png>
Package pdftex.def Info: 1.png  used on input line 151.
(pdftex.def)             Requested size: 421.12428pt x 298.77907pt.
[19

]
File: 2.png Graphic file (type png)
<use 2.png>
Package pdftex.def Info: 2.png  used on input line 158.
(pdftex.def)             Requested size: 421.12428pt x 298.77907pt.
 [20

]
Overfull \hbox (12.59988pt too wide) in paragraph at lines 158--165
[]$[]$ 
 []

File: 1.png Graphic file (type png)
<use 1.png>
Package pdftex.def Info: 1.png  used on input line 166.
(pdftex.def)             Requested size: 421.12428pt x 298.77907pt.
[21

]
File: 2.png Graphic file (type png)
<use 2.png>
Package pdftex.def Info: 2.png  used on input line 173.
(pdftex.def)             Requested size: 421.12428pt x 298.77907pt.
 [22

]
Overfull \hbox (12.59988pt too wide) in paragraph at lines 173--175
[]$[]$ 
 []

File: 1.png Graphic file (type png)
<use 1.png>
Package pdftex.def Info: 1.png  used on input line 176.
(pdftex.def)             Requested size: 421.12428pt x 298.77907pt.
[23

]
File: 2.png Graphic file (type png)
<use 2.png>
Package pdftex.def Info: 2.png  used on input line 183.
(pdftex.def)             Requested size: 421.12428pt x 298.77907pt.
 [24

]
Overfull \hbox (12.59988pt too wide) in paragraph at lines 183--185
[]$[]$ 
 []

File: 1.png Graphic file (type png)
<use 1.png>
Package pdftex.def Info: 1.png  used on input line 186.
(pdftex.def)             Requested size: 421.12428pt x 298.77907pt.
[25

]
File: 2.png Graphic file (type png)
<use 2.png>
Package pdftex.def Info: 2.png  used on input line 193.
(pdftex.def)             Requested size: 421.12428pt x 298.77907pt.
 [26

]
Overfull \hbox (12.59988pt too wide) in paragraph at lines 193--195
[]$[]$ 
 []

File: 1.png Graphic file (type png)
<use 1.png>
Package pdftex.def Info: 1.png  used on input line 196.
(pdftex.def)             Requested size: 421.12428pt x 298.77907pt.
[27

]
File: 2.png Graphic file (type png)
<use 2.png>
Package pdftex.def Info: 2.png  used on input line 202.
(pdftex.def)             Requested size: 421.12428pt x 298.77907pt.
 [28

]
Overfull \hbox (12.59988pt too wide) in paragraph at lines 202--204
[]$[]$ 
 []

File: 1.png Graphic file (type png)
<use 1.png>
Package pdftex.def Info: 1.png  used on input line 205.
(pdftex.def)             Requested size: 421.12428pt x 298.77907pt.
[29

]
File: 2.png Graphic file (type png)
<use 2.png>
Package pdftex.def Info: 2.png  used on input line 212.
(pdftex.def)             Requested size: 421.12428pt x 298.77907pt.
 [30

]
Overfull \hbox (12.59988pt too wide) in paragraph at lines 212--214
[]$[]$ 
 []

File: 1.png Graphic file (type png)
<use 1.png>
Package pdftex.def Info: 1.png  used on input line 215.
(pdftex.def)             Requested size: 421.12428pt x 298.77907pt.
[31

]
File: 2.png Graphic file (type png)
<use 2.png>
Package pdftex.def Info: 2.png  used on input line 221.
(pdftex.def)             Requested size: 421.12428pt x 298.77907pt.
 [32

]
Overfull \hbox (12.59988pt too wide) in paragraph at lines 221--223
[]$[]$ 
 []

File: 1.png Graphic file (type png)
<use 1.png>
Package pdftex.def Info: 1.png  used on input line 224.
(pdftex.def)             Requested size: 421.12428pt x 298.77907pt.
[33

]
LaTeX Font Info:    Font shape `T1/cmbr/b/n' in size <17.28> not available
(Font)              Font shape `T1/cmbr/bx/n' tried instead on input line 228.
File: 2.png Graphic file (type png)
<use 2.png>
Package pdftex.def Info: 2.png  used on input line 234.
(pdftex.def)             Requested size: 421.12428pt x 298.77907pt.
 [34

]
Overfull \hbox (12.59988pt too wide) in paragraph at lines 234--238
[]$[]$ 
 []

File: 1.png Graphic file (type png)
<use 1.png>
Package pdftex.def Info: 1.png  used on input line 239.
(pdftex.def)             Requested size: 421.12428pt x 298.77907pt.
[35

]
LaTeX Font Info:    Font shape `T1/cmbr/b/n' in size <14.4> not available
(Font)              Font shape `T1/cmbr/bx/n' tried instead on input line 241.
File: 2.png Graphic file (type png)
<use 2.png>
Package pdftex.def Info: 2.png  used on input line 245.
(pdftex.def)             Requested size: 421.12428pt x 298.77907pt.
 [36

]
Overfull \hbox (12.59988pt too wide) in paragraph at lines 245--247
[]$[]$ 
 []

File: 1.png Graphic file (type png)
<use 1.png>
Package pdftex.def Info: 1.png  used on input line 248.
(pdftex.def)             Requested size: 421.12428pt x 298.77907pt.
[37

]
File: 2.png Graphic file (type png)
<use 2.png>
Package pdftex.def Info: 2.png  used on input line 254.
(pdftex.def)             Requested size: 421.12428pt x 298.77907pt.
 [38

]
Overfull \hbox (12.59988pt too wide) in paragraph at lines 254--258
[]$[]$ 
 []

File: 1.png Graphic file (type png)
<use 1.png>
Package pdftex.def Info: 1.png  used on input line 259.
(pdftex.def)             Requested size: 421.12428pt x 298.77907pt.
[39

]
File: 2.png Graphic file (type png)
<use 2.png>
Package pdftex.def Info: 2.png  used on input line 268.
(pdftex.def)             Requested size: 421.12428pt x 298.77907pt.
 [40

]
Overfull \hbox (12.59988pt too wide) in paragraph at lines 268--272
[]$[]$ 
 []

File: 1.png Graphic file (type png)
<use 1.png>
Package pdftex.def Info: 1.png  used on input line 273.
(pdftex.def)             Requested size: 421.12428pt x 298.77907pt.
[41

]
File: 2.png Graphic file (type png)
<use 2.png>
Package pdftex.def Info: 2.png  used on input line 282.
(pdftex.def)             Requested size: 421.12428pt x 298.77907pt.
 [42

]
Overfull \hbox (12.59988pt too wide) in paragraph at lines 282--290
[]$[]$ 
 []

File: 1.png Graphic file (type png)
<use 1.png>
Package pdftex.def Info: 1.png  used on input line 291.
(pdftex.def)             Requested size: 421.12428pt x 298.77907pt.
[43

]
File: 2.png Graphic file (type png)
<use 2.png>
Package pdftex.def Info: 2.png  used on input line 294.
(pdftex.def)             Requested size: 421.12428pt x 298.77907pt.
 [44

]
Overfull \hbox (12.59988pt too wide) in paragraph at lines 294--303
[]$[]$ 
 []

File: 1.png Graphic file (type png)
<use 1.png>
Package pdftex.def Info: 1.png  used on input line 304.
(pdftex.def)             Requested size: 421.12428pt x 298.77907pt.
[45

]
File: 2.png Graphic file (type png)
<use 2.png>
Package pdftex.def Info: 2.png  used on input line 307.
(pdftex.def)             Requested size: 421.12428pt x 298.77907pt.
 [46

]
Overfull \hbox (12.59988pt too wide) in paragraph at lines 307--311
[]$[]$ 
 []

File: 1.png Graphic file (type png)
<use 1.png>
Package pdftex.def Info: 1.png  used on input line 312.
(pdftex.def)             Requested size: 421.12428pt x 298.77907pt.
[47

]

LaTeX Font Warning: Font shape `OT1/cmbr/bx/n' in size <7> not available
(Font)              Font shape `OT1/cmbr/m/n' tried instead on input line 318.


LaTeX Font Warning: Font shape `OT1/cmbr/bx/n' in size <8> not available
(Font)              Font shape `OT1/cmbr/m/n' tried instead on input line 325.


LaTeX Font Warning: Font shape `OT1/cmbr/bx/n' in size <6> not available
(Font)              Font shape `OT1/cmbr/m/n' tried instead on input line 325.

File: 2.png Graphic file (type png)
<use 2.png>
Package pdftex.def Info: 2.png  used on input line 326.
(pdftex.def)             Requested size: 421.12428pt x 298.77907pt.
[48

]
Overfull \hbox (12.59988pt too wide) in paragraph at lines 326--329
[]$[]$ 
 []

File: 1.png Graphic file (type png)
<use 1.png>
Package pdftex.def Info: 1.png  used on input line 330.
(pdftex.def)             Requested size: 421.12428pt x 298.77907pt.
[49

]
File: 2.png Graphic file (type png)
<use 2.png>
Package pdftex.def Info: 2.png  used on input line 339.
(pdftex.def)             Requested size: 421.12428pt x 298.77907pt.
 [50

]
Overfull \hbox (12.59988pt too wide) in paragraph at lines 339--344
[]$[]$ 
 []

File: 1.png Graphic file (type png)
<use 1.png>
Package pdftex.def Info: 1.png  used on input line 345.
(pdftex.def)             Requested size: 421.12428pt x 298.77907pt.
[51

]
File: 2.png Graphic file (type png)
<use 2.png>
Package pdftex.def Info: 2.png  used on input line 358.
(pdftex.def)             Requested size: 421.12428pt x 298.77907pt.
 [52

]
Overfull \hbox (12.59988pt too wide) in paragraph at lines 358--363
[]$[]$ 
 []

File: 1.png Graphic file (type png)
<use 1.png>
Package pdftex.def Info: 1.png  used on input line 364.
(pdftex.def)             Requested size: 421.12428pt x 298.77907pt.
[53

]
File: 2.png Graphic file (type png)
<use 2.png>
Package pdftex.def Info: 2.png  used on input line 377.
(pdftex.def)             Requested size: 421.12428pt x 298.77907pt.
 [54

]
Overfull \hbox (12.59988pt too wide) in paragraph at lines 377--382
[]$[]$ 
 []

File: 1.png Graphic file (type png)
<use 1.png>
Package pdftex.def Info: 1.png  used on input line 383.
(pdftex.def)             Requested size: 421.12428pt x 298.77907pt.
[55

]
Overfull \hbox (21.6133pt too wide) detected at line 388
[] \OT1/cmbr/m/n/12 = []
 []

File: 2.png Graphic file (type png)
<use 2.png>
Package pdftex.def Info: 2.png  used on input line 395.
(pdftex.def)             Requested size: 421.12428pt x 298.77907pt.
[56

]
Overfull \hbox (12.59988pt too wide) in paragraph at lines 395--400
[]$[]$ 
 []

File: 1.png Graphic file (type png)
<use 1.png>
Package pdftex.def Info: 1.png  used on input line 401.
(pdftex.def)             Requested size: 421.12428pt x 298.77907pt.
[57

]
File: 2.png Graphic file (type png)
<use 2.png>
Package pdftex.def Info: 2.png  used on input line 412.
(pdftex.def)             Requested size: 421.12428pt x 298.77907pt.
 [58

]
Overfull \hbox (12.59988pt too wide) in paragraph at lines 412--420
[]$[]$ 
 []

File: 1.png Graphic file (type png)
<use 1.png>
Package pdftex.def Info: 1.png  used on input line 421.
(pdftex.def)             Requested size: 421.12428pt x 298.77907pt.
[59

]
File: 2.png Graphic file (type png)
<use 2.png>
Package pdftex.def Info: 2.png  used on input line 435.
(pdftex.def)             Requested size: 421.12428pt x 298.77907pt.
 [60

]
Overfull \hbox (12.59988pt too wide) in paragraph at lines 435--437
[]$[]$ 
 []

File: 1.png Graphic file (type png)
<use 1.png>
Package pdftex.def Info: 1.png  used on input line 438.
(pdftex.def)             Requested size: 421.12428pt x 298.77907pt.
[61

]
File: 2.png Graphic file (type png)
<use 2.png>
Package pdftex.def Info: 2.png  used on input line 447.
(pdftex.def)             Requested size: 421.12428pt x 298.77907pt.
 [62

]
Overfull \hbox (12.59988pt too wide) in paragraph at lines 447--449
[]$[]$ 
 []

File: 1.png Graphic file (type png)
<use 1.png>
Package pdftex.def Info: 1.png  used on input line 450.
(pdftex.def)             Requested size: 421.12428pt x 298.77907pt.
[63

]
File: 2.png Graphic file (type png)
<use 2.png>
Package pdftex.def Info: 2.png  used on input line 455.
(pdftex.def)             Requested size: 421.12428pt x 298.77907pt.
 [64

]
Overfull \hbox (12.59988pt too wide) in paragraph at lines 455--457
[]$[]$ 
 []

File: 1.png Graphic file (type png)
<use 1.png>
Package pdftex.def Info: 1.png  used on input line 458.
(pdftex.def)             Requested size: 421.12428pt x 298.77907pt.
[65

]
File: 2.png Graphic file (type png)
<use 2.png>
Package pdftex.def Info: 2.png  used on input line 489.
(pdftex.def)             Requested size: 421.12428pt x 298.77907pt.
 [66

]
Overfull \hbox (12.59988pt too wide) in paragraph at lines 489--497
[]$[]$ 
 []

File: 1.png Graphic file (type png)
<use 1.png>
Package pdftex.def Info: 1.png  used on input line 498.
(pdftex.def)             Requested size: 421.12428pt x 298.77907pt.
[67

]
File: 2.png Graphic file (type png)
<use 2.png>
Package pdftex.def Info: 2.png  used on input line 506.
(pdftex.def)             Requested size: 421.12428pt x 298.77907pt.
 [68

]
Overfull \hbox (12.59988pt too wide) in paragraph at lines 506--514
[]$[]$ 
 []

File: 1.png Graphic file (type png)
<use 1.png>
Package pdftex.def Info: 1.png  used on input line 515.
(pdftex.def)             Requested size: 421.12428pt x 298.77907pt.
[69

]
File: 2.png Graphic file (type png)
<use 2.png>
Package pdftex.def Info: 2.png  used on input line 523.
(pdftex.def)             Requested size: 421.12428pt x 298.77907pt.
 [70

]
Overfull \hbox (12.59988pt too wide) in paragraph at lines 523--527
[]$[]$ 
 []

File: 1.png Graphic file (type png)
<use 1.png>
Package pdftex.def Info: 1.png  used on input line 529.
(pdftex.def)             Requested size: 421.12428pt x 298.77907pt.
[71

]
File: 2.png Graphic file (type png)
<use 2.png>
Package pdftex.def Info: 2.png  used on input line 540.
(pdftex.def)             Requested size: 421.12428pt x 298.77907pt.
 [72

]
Overfull \hbox (12.59988pt too wide) in paragraph at lines 540--544
[]$[]$ 
 []

File: 1.png Graphic file (type png)
<use 1.png>
Package pdftex.def Info: 1.png  used on input line 545.
(pdftex.def)             Requested size: 421.12428pt x 298.77907pt.
[73

]
File: 2.png Graphic file (type png)
<use 2.png>
Package pdftex.def Info: 2.png  used on input line 555.
(pdftex.def)             Requested size: 421.12428pt x 298.77907pt.
 [74

]
Overfull \hbox (12.59988pt too wide) in paragraph at lines 555--569
[]$[]$ 
 []

File: 1.png Graphic file (type png)
<use 1.png>
Package pdftex.def Info: 1.png  used on input line 570.
(pdftex.def)             Requested size: 421.12428pt x 298.77907pt.
[75

]
File: 2.png Graphic file (type png)
<use 2.png>
Package pdftex.def Info: 2.png  used on input line 584.
(pdftex.def)             Requested size: 421.12428pt x 298.77907pt.
 [76

]
Overfull \hbox (12.59988pt too wide) in paragraph at lines 584--586
[]$[]$ 
 []

File: 1.png Graphic file (type png)
<use 1.png>
Package pdftex.def Info: 1.png  used on input line 587.
(pdftex.def)             Requested size: 421.12428pt x 298.77907pt.
[77

]
Overfull \hbox (1.32056pt too wide) in paragraph at lines 589--589
 []|$\OML/cmbrm/m/it/17.28 F\OT1/cmbr/m/n/17.28 (-20) (\OML/cmbrm/m/it/17.28 x\OT1/cmbr/m/n/17.28 (-20) )$| 
 []


Overfull \hbox (1.88055pt too wide) in paragraph at lines 591--591
 []|$\OML/cmbrm/m/it/17.28 f[]\OT1/cmbr/m/n/17.28 (-20) (\OML/cmbrm/m/it/17.28 x\OT1/cmbr/m/n/17.28 (-20) )$| 
 []


Overfull \hbox (5.18054pt too wide) in paragraph at lines 592--592
 []|$\OML/cmbrm/m/it/17.28 f[]\OT1/cmbr/m/n/17.28 (-20) (\OML/cmbrm/m/it/17.28 x\OT1/cmbr/m/n/17.28 (-20) )$| 
 []

File: 2.png Graphic file (type png)
<use 2.png>
Package pdftex.def Info: 2.png  used on input line 596.
(pdftex.def)             Requested size: 421.12428pt x 298.77907pt.
[78

]
Overfull \hbox (12.59988pt too wide) in paragraph at lines 596--598
[]$[]$ 
 []

File: 1.png Graphic file (type png)
<use 1.png>
Package pdftex.def Info: 1.png  used on input line 599.
(pdftex.def)             Requested size: 421.12428pt x 298.77907pt.
[79

]
File: 2.png Graphic file (type png)
<use 2.png>
Package pdftex.def Info: 2.png  used on input line 613.
(pdftex.def)             Requested size: 421.12428pt x 298.77907pt.
 [80

]
Overfull \hbox (12.59988pt too wide) in paragraph at lines 613--615
[]$[]$ 
 []

File: 1.png Graphic file (type png)
<use 1.png>
Package pdftex.def Info: 1.png  used on input line 616.
(pdftex.def)             Requested size: 421.12428pt x 298.77907pt.
[81

]
File: 2.png Graphic file (type png)
<use 2.png>
Package pdftex.def Info: 2.png  used on input line 625.
(pdftex.def)             Requested size: 421.12428pt x 298.77907pt.
 [82

]
Overfull \hbox (12.59988pt too wide) in paragraph at lines 625--627
[]$[]$ 
 []

File: 1.png Graphic file (type png)
<use 1.png>
Package pdftex.def Info: 1.png  used on input line 628.
(pdftex.def)             Requested size: 421.12428pt x 298.77907pt.
[83

]
File: 2.png Graphic file (type png)
<use 2.png>
Package pdftex.def Info: 2.png  used on input line 635.
(pdftex.def)             Requested size: 421.12428pt x 298.77907pt.
 [84

]
Overfull \hbox (12.59988pt too wide) in paragraph at lines 635--637
[]$[]$ 
 []

File: 1.png Graphic file (type png)
<use 1.png>
Package pdftex.def Info: 1.png  used on input line 638.
(pdftex.def)             Requested size: 421.12428pt x 298.77907pt.
[85

]
File: 2.png Graphic file (type png)
<use 2.png>
Package pdftex.def Info: 2.png  used on input line 645.
(pdftex.def)             Requested size: 421.12428pt x 298.77907pt.
 [86

]
Overfull \hbox (12.59988pt too wide) in paragraph at lines 645--647
[]$[]$ 
 []

File: 1.png Graphic file (type png)
<use 1.png>
Package pdftex.def Info: 1.png  used on input line 648.
(pdftex.def)             Requested size: 421.12428pt x 298.77907pt.
[87

]
File: 2.png Graphic file (type png)
<use 2.png>
Package pdftex.def Info: 2.png  used on input line 653.
(pdftex.def)             Requested size: 421.12428pt x 298.77907pt.
 [88

]
Overfull \hbox (12.59988pt too wide) in paragraph at lines 653--663
[]$[]$ 
 []

File: 1.png Graphic file (type png)
<use 1.png>
Package pdftex.def Info: 1.png  used on input line 664.
(pdftex.def)             Requested size: 421.12428pt x 298.77907pt.
[89

]
Overfull \hbox (17.54782pt too wide) in paragraph at lines 673--674
 [][] 
 []

File: 2.png Graphic file (type png)
<use 2.png>
Package pdftex.def Info: 2.png  used on input line 675.
(pdftex.def)             Requested size: 421.12428pt x 298.77907pt.
[90

]
Overfull \hbox (12.59988pt too wide) in paragraph at lines 675--685
[]$[]$ 
 []

File: 1.png Graphic file (type png)
<use 1.png>
Package pdftex.def Info: 1.png  used on input line 686.
(pdftex.def)             Requested size: 421.12428pt x 298.77907pt.
[91

]
File: 2.png Graphic file (type png)
<use 2.png>
Package pdftex.def Info: 2.png  used on input line 697.
(pdftex.def)             Requested size: 421.12428pt x 298.77907pt.
 [92

]
Overfull \hbox (12.59988pt too wide) in paragraph at lines 697--707
[]$[]$ 
 []

File: 1.png Graphic file (type png)
<use 1.png>
Package pdftex.def Info: 1.png  used on input line 708.
(pdftex.def)             Requested size: 421.12428pt x 298.77907pt.
[93

]
File: 2.png Graphic file (type png)
<use 2.png>
Package pdftex.def Info: 2.png  used on input line 726.
(pdftex.def)             Requested size: 421.12428pt x 298.77907pt.
 [94

]
Overfull \hbox (12.59988pt too wide) in paragraph at lines 726--736
[]$[]$ 
 []

File: 1.png Graphic file (type png)
<use 1.png>
Package pdftex.def Info: 1.png  used on input line 737.
(pdftex.def)             Requested size: 421.12428pt x 298.77907pt.
[95

]
File: 2.png Graphic file (type png)
<use 2.png>
Package pdftex.def Info: 2.png  used on input line 755.
(pdftex.def)             Requested size: 421.12428pt x 298.77907pt.
 [96

]
Overfull \hbox (12.59988pt too wide) in paragraph at lines 755--759
[]$[]$ 
 []

File: 1.png Graphic file (type png)
<use 1.png>
Package pdftex.def Info: 1.png  used on input line 760.
(pdftex.def)             Requested size: 421.12428pt x 298.77907pt.
[97

]
File: 2.png Graphic file (type png)
<use 2.png>
Package pdftex.def Info: 2.png  used on input line 774.
(pdftex.def)             Requested size: 421.12428pt x 298.77907pt.
 [98

]
Overfull \hbox (12.59988pt too wide) in paragraph at lines 774--776
[]$[]$ 
 []

File: 1.png Graphic file (type png)
<use 1.png>
Package pdftex.def Info: 1.png  used on input line 777.
(pdftex.def)             Requested size: 421.12428pt x 298.77907pt.
[99

]
File: 2.png Graphic file (type png)
<use 2.png>
Package pdftex.def Info: 2.png  used on input line 783.
(pdftex.def)             Requested size: 421.12428pt x 298.77907pt.
 [100

]
Overfull \hbox (12.59988pt too wide) in paragraph at lines 783--838
[]$[]$ 
 []

File: 1.png Graphic file (type png)
<use 1.png>
Package pdftex.def Info: 1.png  used on input line 839.
(pdftex.def)             Requested size: 421.12428pt x 298.77907pt.
[101

]
File: 2.png Graphic file (type png)
<use 2.png>
Package pdftex.def Info: 2.png  used on input line 849.
(pdftex.def)             Requested size: 421.12428pt x 298.77907pt.
 [102

]
Overfull \hbox (12.59988pt too wide) in paragraph at lines 849--851
[]$[]$ 
 []

File: 1.png Graphic file (type png)
<use 1.png>
Package pdftex.def Info: 1.png  used on input line 852.
(pdftex.def)             Requested size: 421.12428pt x 298.77907pt.
[103

]
File: 2.png Graphic file (type png)
<use 2.png>
Package pdftex.def Info: 2.png  used on input line 863.
(pdftex.def)             Requested size: 421.12428pt x 298.77907pt.
 [104

]
Overfull \hbox (12.59988pt too wide) in paragraph at lines 863--867
[]$[]$ 
 []

File: 1.png Graphic file (type png)
<use 1.png>
Package pdftex.def Info: 1.png  used on input line 868.
(pdftex.def)             Requested size: 421.12428pt x 298.77907pt.
[105

]
File: 2.png Graphic file (type png)
<use 2.png>
Package pdftex.def Info: 2.png  used on input line 904.
(pdftex.def)             Requested size: 421.12428pt x 298.77907pt.
 [106

]
Overfull \hbox (12.59988pt too wide) in paragraph at lines 904--907
[]$[]$ 
 []

File: 1.png Graphic file (type png)
<use 1.png>
Package pdftex.def Info: 1.png  used on input line 908.
(pdftex.def)             Requested size: 421.12428pt x 298.77907pt.
[107

]
File: 2.png Graphic file (type png)
<use 2.png>
Package pdftex.def Info: 2.png  used on input line 939.
(pdftex.def)             Requested size: 421.12428pt x 298.77907pt.
 [108

]
Overfull \hbox (12.59988pt too wide) in paragraph at lines 939--942
[]$[]$ 
 []

File: 1.png Graphic file (type png)
<use 1.png>
Package pdftex.def Info: 1.png  used on input line 943.
(pdftex.def)             Requested size: 421.12428pt x 298.77907pt.
[109

]
File: 2.png Graphic file (type png)
<use 2.png>
Package pdftex.def Info: 2.png  used on input line 949.
(pdftex.def)             Requested size: 421.12428pt x 298.77907pt.
 [110

]
Overfull \hbox (12.59988pt too wide) in paragraph at lines 949--952
[]$[]$ 
 []

File: 1.png Graphic file (type png)
<use 1.png>
Package pdftex.def Info: 1.png  used on input line 953.
(pdftex.def)             Requested size: 421.12428pt x 298.77907pt.
[111

]
File: 2.png Graphic file (type png)
<use 2.png>
Package pdftex.def Info: 2.png  used on input line 966.
(pdftex.def)             Requested size: 421.12428pt x 298.77907pt.
 [112

]
Overfull \hbox (12.59988pt too wide) in paragraph at lines 966--969
[]$[]$ 
 []

File: 1.png Graphic file (type png)
<use 1.png>
Package pdftex.def Info: 1.png  used on input line 970.
(pdftex.def)             Requested size: 421.12428pt x 298.77907pt.
[113

]
File: 2.png Graphic file (type png)
<use 2.png>
Package pdftex.def Info: 2.png  used on input line 980.
(pdftex.def)             Requested size: 421.12428pt x 298.77907pt.
 [114

]
Overfull \hbox (12.59988pt too wide) in paragraph at lines 980--983
[]$[]$ 
 []

File: 1.png Graphic file (type png)
<use 1.png>
Package pdftex.def Info: 1.png  used on input line 984.
(pdftex.def)             Requested size: 421.12428pt x 298.77907pt.
[115

]
File: 2.png Graphic file (type png)
<use 2.png>
Package pdftex.def Info: 2.png  used on input line 992.
(pdftex.def)             Requested size: 421.12428pt x 298.77907pt.
 [116

]
Overfull \hbox (12.59988pt too wide) in paragraph at lines 992--999
[]$[]$ 
 []

File: 1.png Graphic file (type png)
<use 1.png>
Package pdftex.def Info: 1.png  used on input line 1000.
(pdftex.def)             Requested size: 421.12428pt x 298.77907pt.
[117

]
File: 2.png Graphic file (type png)
<use 2.png>
Package pdftex.def Info: 2.png  used on input line 1007.
(pdftex.def)             Requested size: 421.12428pt x 298.77907pt.
 [118

]
Overfull \hbox (12.59988pt too wide) in paragraph at lines 1007--1014
[]$[]$ 
 []

File: 1.png Graphic file (type png)
<use 1.png>
Package pdftex.def Info: 1.png  used on input line 1015.
(pdftex.def)             Requested size: 421.12428pt x 298.77907pt.
[119

]
File: 2.png Graphic file (type png)
<use 2.png>
Package pdftex.def Info: 2.png  used on input line 1024.
(pdftex.def)             Requested size: 421.12428pt x 298.77907pt.
 [120

]
Overfull \hbox (12.59988pt too wide) in paragraph at lines 1024--1031
[]$[]$ 
 []

File: 1.png Graphic file (type png)
<use 1.png>
Package pdftex.def Info: 1.png  used on input line 1032.
(pdftex.def)             Requested size: 421.12428pt x 298.77907pt.
[121

]
File: 2.png Graphic file (type png)
<use 2.png>
Package pdftex.def Info: 2.png  used on input line 1041.
(pdftex.def)             Requested size: 421.12428pt x 298.77907pt.
 [122

]
Overfull \hbox (12.59988pt too wide) in paragraph at lines 1041--1048
[]$[]$ 
 []

File: 1.png Graphic file (type png)
<use 1.png>
Package pdftex.def Info: 1.png  used on input line 1049.
(pdftex.def)             Requested size: 421.12428pt x 298.77907pt.
[123

]
File: 2.png Graphic file (type png)
<use 2.png>
Package pdftex.def Info: 2.png  used on input line 1058.
(pdftex.def)             Requested size: 421.12428pt x 298.77907pt.
 [124

]
Overfull \hbox (12.59988pt too wide) in paragraph at lines 1058--1065
[]$[]$ 
 []

File: 1.png Graphic file (type png)
<use 1.png>
Package pdftex.def Info: 1.png  used on input line 1066.
(pdftex.def)             Requested size: 421.12428pt x 298.77907pt.
[125

]
File: 2.png Graphic file (type png)
<use 2.png>
Package pdftex.def Info: 2.png  used on input line 1077.
(pdftex.def)             Requested size: 421.12428pt x 298.77907pt.
 [126

]
Overfull \hbox (12.59988pt too wide) in paragraph at lines 1077--1084
[]$[]$ 
 []

File: 1.png Graphic file (type png)
<use 1.png>
Package pdftex.def Info: 1.png  used on input line 1085.
(pdftex.def)             Requested size: 421.12428pt x 298.77907pt.
[127

]
File: 2.png Graphic file (type png)
<use 2.png>
Package pdftex.def Info: 2.png  used on input line 1095.
(pdftex.def)             Requested size: 421.12428pt x 298.77907pt.
 [128

]
Overfull \hbox (12.59988pt too wide) in paragraph at lines 1095--1102
[]$[]$ 
 []

File: 1.png Graphic file (type png)
<use 1.png>
Package pdftex.def Info: 1.png  used on input line 1103.
(pdftex.def)             Requested size: 421.12428pt x 298.77907pt.
[129

]
File: 2.png Graphic file (type png)
<use 2.png>
Package pdftex.def Info: 2.png  used on input line 1112.
(pdftex.def)             Requested size: 421.12428pt x 298.77907pt.
 [130

]
Overfull \hbox (12.59988pt too wide) in paragraph at lines 1112--1119
[]$[]$ 
 []

File: 1.png Graphic file (type png)
<use 1.png>
Package pdftex.def Info: 1.png  used on input line 1120.
(pdftex.def)             Requested size: 421.12428pt x 298.77907pt.
[131

]
File: 2.png Graphic file (type png)
<use 2.png>
Package pdftex.def Info: 2.png  used on input line 1129.
(pdftex.def)             Requested size: 421.12428pt x 298.77907pt.
 [132

]
Overfull \hbox (12.59988pt too wide) in paragraph at lines 1129--1136
[]$[]$ 
 []

File: 1.png Graphic file (type png)
<use 1.png>
Package pdftex.def Info: 1.png  used on input line 1137.
(pdftex.def)             Requested size: 421.12428pt x 298.77907pt.
[133

]
File: 2.png Graphic file (type png)
<use 2.png>
Package pdftex.def Info: 2.png  used on input line 1146.
(pdftex.def)             Requested size: 421.12428pt x 298.77907pt.
 [134

]
Overfull \hbox (12.59988pt too wide) in paragraph at lines 1146--1149
[]$[]$ 
 []

File: 1.png Graphic file (type png)
<use 1.png>
Package pdftex.def Info: 1.png  used on input line 1150.
(pdftex.def)             Requested size: 421.12428pt x 298.77907pt.
[135

]
File: 2.png Graphic file (type png)
<use 2.png>
Package pdftex.def Info: 2.png  used on input line 1161.
(pdftex.def)             Requested size: 421.12428pt x 298.77907pt.
 [136

]
Overfull \hbox (12.59988pt too wide) in paragraph at lines 1161--1164
[]$[]$ 
 []

File: 1.png Graphic file (type png)
<use 1.png>
Package pdftex.def Info: 1.png  used on input line 1165.
(pdftex.def)             Requested size: 421.12428pt x 298.77907pt.
[137

]
File: 2.png Graphic file (type png)
<use 2.png>
Package pdftex.def Info: 2.png  used on input line 1170.
(pdftex.def)             Requested size: 421.12428pt x 298.77907pt.
 [138

]
Overfull \hbox (12.59988pt too wide) in paragraph at lines 1170--1173
[]$[]$ 
 []

File: 1.png Graphic file (type png)
<use 1.png>
Package pdftex.def Info: 1.png  used on input line 1174.
(pdftex.def)             Requested size: 421.12428pt x 298.77907pt.
[139

]
File: 2.png Graphic file (type png)
<use 2.png>
Package pdftex.def Info: 2.png  used on input line 1184.
(pdftex.def)             Requested size: 421.12428pt x 298.77907pt.
 [140

]
Overfull \hbox (12.59988pt too wide) in paragraph at lines 1184--1186
[]$[]$ 
 []

File: 1.png Graphic file (type png)
<use 1.png>
Package pdftex.def Info: 1.png  used on input line 1187.
(pdftex.def)             Requested size: 421.12428pt x 298.77907pt.
[141

]

LaTeX Font Warning: Command \huge invalid in math mode on input line 1189.

File: 2.png Graphic file (type png)
<use 2.png>
Package pdftex.def Info: 2.png  used on input line 1195.
(pdftex.def)             Requested size: 421.12428pt x 298.77907pt.
[142

]
Overfull \hbox (12.59988pt too wide) in paragraph at lines 1195--1197
[]$[]$ 
 []

File: 1.png Graphic file (type png)
<use 1.png>
Package pdftex.def Info: 1.png  used on input line 1198.
(pdftex.def)             Requested size: 421.12428pt x 298.77907pt.
[143

]
File: 2.png Graphic file (type png)
<use 2.png>
Package pdftex.def Info: 2.png  used on input line 1212.
(pdftex.def)             Requested size: 421.12428pt x 298.77907pt.
 [144

]
Overfull \hbox (12.59988pt too wide) in paragraph at lines 1212--1215
[]$[]$ 
 []

File: 1.png Graphic file (type png)
<use 1.png>
Package pdftex.def Info: 1.png  used on input line 1216.
(pdftex.def)             Requested size: 421.12428pt x 298.77907pt.
[145

]
File: 2.png Graphic file (type png)
<use 2.png>
Package pdftex.def Info: 2.png  used on input line 1222.
(pdftex.def)             Requested size: 421.12428pt x 298.77907pt.
 [146

]
Overfull \hbox (12.59988pt too wide) in paragraph at lines 1222--1225
[]$[]$ 
 []

File: 1.png Graphic file (type png)
<use 1.png>
Package pdftex.def Info: 1.png  used on input line 1226.
(pdftex.def)             Requested size: 421.12428pt x 298.77907pt.
[147

]
File: 2.png Graphic file (type png)
<use 2.png>
Package pdftex.def Info: 2.png  used on input line 1232.
(pdftex.def)             Requested size: 421.12428pt x 298.77907pt.
 [148

]
Overfull \hbox (12.59988pt too wide) in paragraph at lines 1232--1236
[]$[]$ 
 []

File: 1.png Graphic file (type png)
<use 1.png>
Package pdftex.def Info: 1.png  used on input line 1237.
(pdftex.def)             Requested size: 421.12428pt x 298.77907pt.
[149

]
File: 2.png Graphic file (type png)
<use 2.png>
Package pdftex.def Info: 2.png  used on input line 1249.
(pdftex.def)             Requested size: 421.12428pt x 298.77907pt.
 [150

]
Overfull \hbox (12.59988pt too wide) in paragraph at lines 1249--1253
[]$[]$ 
 []

File: 1.png Graphic file (type png)
<use 1.png>
Package pdftex.def Info: 1.png  used on input line 1254.
(pdftex.def)             Requested size: 421.12428pt x 298.77907pt.
[151

]
File: 2.png Graphic file (type png)
<use 2.png>
Package pdftex.def Info: 2.png  used on input line 1264.
(pdftex.def)             Requested size: 421.12428pt x 298.77907pt.
 [152

]
Overfull \hbox (12.59988pt too wide) in paragraph at lines 1264--1267
[]$[]$ 
 []

File: 1.png Graphic file (type png)
<use 1.png>
Package pdftex.def Info: 1.png  used on input line 1268.
(pdftex.def)             Requested size: 421.12428pt x 298.77907pt.
[153

]
File: 2.png Graphic file (type png)
<use 2.png>
Package pdftex.def Info: 2.png  used on input line 1284.
(pdftex.def)             Requested size: 421.12428pt x 298.77907pt.
 [154

]
Overfull \hbox (12.59988pt too wide) in paragraph at lines 1284--1287
[]$[]$ 
 []

File: 1.png Graphic file (type png)
<use 1.png>
Package pdftex.def Info: 1.png  used on input line 1288.
(pdftex.def)             Requested size: 421.12428pt x 298.77907pt.
[155

]
File: 2.png Graphic file (type png)
<use 2.png>
Package pdftex.def Info: 2.png  used on input line 1304.
(pdftex.def)             Requested size: 421.12428pt x 298.77907pt.
 [156

]
Overfull \hbox (12.59988pt too wide) in paragraph at lines 1304--1307
[]$[]$ 
 []

File: 1.png Graphic file (type png)
<use 1.png>
Package pdftex.def Info: 1.png  used on input line 1308.
(pdftex.def)             Requested size: 421.12428pt x 298.77907pt.
[157

]
File: 2.png Graphic file (type png)
<use 2.png>
Package pdftex.def Info: 2.png  used on input line 1314.
(pdftex.def)             Requested size: 421.12428pt x 298.77907pt.
 [158

]
Overfull \hbox (12.59988pt too wide) in paragraph at lines 1314--1318
[]$[]$ 
 []

File: 1.png Graphic file (type png)
<use 1.png>
Package pdftex.def Info: 1.png  used on input line 1319.
(pdftex.def)             Requested size: 421.12428pt x 298.77907pt.
[159

]
File: 2.png Graphic file (type png)
<use 2.png>
Package pdftex.def Info: 2.png  used on input line 1323.
(pdftex.def)             Requested size: 421.12428pt x 298.77907pt.
 [160

]
Overfull \hbox (12.59988pt too wide) in paragraph at lines 1323--1331
[]$[]$ 
 []

File: 1.png Graphic file (type png)
<use 1.png>
Package pdftex.def Info: 1.png  used on input line 1332.
(pdftex.def)             Requested size: 421.12428pt x 298.77907pt.
[161

]
File: 2.png Graphic file (type png)
<use 2.png>
Package pdftex.def Info: 2.png  used on input line 1338.
(pdftex.def)             Requested size: 421.12428pt x 298.77907pt.
 [162

]
Overfull \hbox (12.59988pt too wide) in paragraph at lines 1338--1342
[]$[]$ 
 []

File: 1.png Graphic file (type png)
<use 1.png>
Package pdftex.def Info: 1.png  used on input line 1343.
(pdftex.def)             Requested size: 421.12428pt x 298.77907pt.
[163

]
File: 2.png Graphic file (type png)
<use 2.png>
Package pdftex.def Info: 2.png  used on input line 1347.
(pdftex.def)             Requested size: 421.12428pt x 298.77907pt.
 [164

]
Overfull \hbox (12.59988pt too wide) in paragraph at lines 1347--1349
[]$[]$ 
 []

File: 1.png Graphic file (type png)
<use 1.png>
Package pdftex.def Info: 1.png  used on input line 1350.
(pdftex.def)             Requested size: 421.12428pt x 298.77907pt.
[165

]
File: 2.png Graphic file (type png)
<use 2.png>
Package pdftex.def Info: 2.png  used on input line 1357.
(pdftex.def)             Requested size: 421.12428pt x 298.77907pt.
 [166

]
Overfull \hbox (12.59988pt too wide) in paragraph at lines 1357--1361
[]$[]$ 
 []

File: 1.png Graphic file (type png)
<use 1.png>
Package pdftex.def Info: 1.png  used on input line 1362.
(pdftex.def)             Requested size: 421.12428pt x 298.77907pt.
[167

]
File: 2.png Graphic file (type png)
<use 2.png>
Package pdftex.def Info: 2.png  used on input line 1369.
(pdftex.def)             Requested size: 421.12428pt x 298.77907pt.
 [168

]
Overfull \hbox (12.59988pt too wide) in paragraph at lines 1369--1373
[]$[]$ 
 []

File: 1.png Graphic file (type png)
<use 1.png>
Package pdftex.def Info: 1.png  used on input line 1374.
(pdftex.def)             Requested size: 421.12428pt x 298.77907pt.
[169

]
File: 2.png Graphic file (type png)
<use 2.png>
Package pdftex.def Info: 2.png  used on input line 1381.
(pdftex.def)             Requested size: 421.12428pt x 298.77907pt.
 [170

]
Overfull \hbox (12.59988pt too wide) in paragraph at lines 1381--1385
[]$[]$ 
 []

File: 1.png Graphic file (type png)
<use 1.png>
Package pdftex.def Info: 1.png  used on input line 1386.
(pdftex.def)             Requested size: 421.12428pt x 298.77907pt.
[171

]
File: 2.png Graphic file (type png)
<use 2.png>
Package pdftex.def Info: 2.png  used on input line 1397.
(pdftex.def)             Requested size: 421.12428pt x 298.77907pt.
 [172

]
Overfull \hbox (12.59988pt too wide) in paragraph at lines 1397--1401
[]$[]$ 
 []

File: 1.png Graphic file (type png)
<use 1.png>
Package pdftex.def Info: 1.png  used on input line 1402.
(pdftex.def)             Requested size: 421.12428pt x 298.77907pt.
[173

]
File: 2.png Graphic file (type png)
<use 2.png>
Package pdftex.def Info: 2.png  used on input line 1410.
(pdftex.def)             Requested size: 421.12428pt x 298.77907pt.
 [174

]
LaTeX Font Info:    Font shape `T1/cmbr/b/n' in size <24.88> not available
(Font)              Font shape `T1/cmbr/bx/n' tried instead on input line 1412.

Overfull \hbox (12.59988pt too wide) in paragraph at lines 1410--1414
[]$[]$ 
 []

File: 1.png Graphic file (type png)
<use 1.png>
Package pdftex.def Info: 1.png  used on input line 1415.
(pdftex.def)             Requested size: 421.12428pt x 298.77907pt.
[175

]
LaTeX Font Info:    External font `lmex10' loaded for size
(Font)              <5> on input line 1430.


LaTeX Font Warning: Font shape `OT1/cmbr/bx/n' in size <5> not available
(Font)              Font shape `OT1/cmbr/m/n' tried instead on input line 1430.

File: 2.png Graphic file (type png)
<use 2.png>
Package pdftex.def Info: 2.png  used on input line 1450.
(pdftex.def)             Requested size: 421.12428pt x 298.77907pt.
[176

]
Overfull \hbox (12.59988pt too wide) in paragraph at lines 1450--1454
[]$[]$ 
 []

File: 1.png Graphic file (type png)
<use 1.png>
Package pdftex.def Info: 1.png  used on input line 1455.
(pdftex.def)             Requested size: 421.12428pt x 298.77907pt.
[177

]
File: 2.png Graphic file (type png)
<use 2.png>
Package pdftex.def Info: 2.png  used on input line 1460.
(pdftex.def)             Requested size: 421.12428pt x 298.77907pt.
 [178

]
Overfull \hbox (12.59988pt too wide) in paragraph at lines 1460--1487
[]$[]$ 
 []

File: 1.png Graphic file (type png)
<use 1.png>
Package pdftex.def Info: 1.png  used on input line 1488.
(pdftex.def)             Requested size: 421.12428pt x 298.77907pt.
[179

]
File: 2.png Graphic file (type png)
<use 2.png>
Package pdftex.def Info: 2.png  used on input line 1501.
(pdftex.def)             Requested size: 421.12428pt x 298.77907pt.
 [180

]
Overfull \hbox (12.59988pt too wide) in paragraph at lines 1501--1505
[]$[]$ 
 []

File: 1.png Graphic file (type png)
<use 1.png>
Package pdftex.def Info: 1.png  used on input line 1506.
(pdftex.def)             Requested size: 421.12428pt x 298.77907pt.
[181

]
File: 2.png Graphic file (type png)
<use 2.png>
Package pdftex.def Info: 2.png  used on input line 1546.
(pdftex.def)             Requested size: 421.12428pt x 298.77907pt.
 [182

]
Overfull \hbox (12.59988pt too wide) in paragraph at lines 1546--1548
[]$[]$ 
 []

File: 1.png Graphic file (type png)
<use 1.png>
Package pdftex.def Info: 1.png  used on input line 1549.
(pdftex.def)             Requested size: 421.12428pt x 298.77907pt.
[183

]
File: 2.png Graphic file (type png)
<use 2.png>
Package pdftex.def Info: 2.png  used on input line 1557.
(pdftex.def)             Requested size: 421.12428pt x 298.77907pt.
 [184

]
Overfull \hbox (12.59988pt too wide) in paragraph at lines 1557--1559
[]$[]$ 
 []

File: 1.png Graphic file (type png)
<use 1.png>
Package pdftex.def Info: 1.png  used on input line 1560.
(pdftex.def)             Requested size: 421.12428pt x 298.77907pt.
[185

]
File: 2.png Graphic file (type png)
<use 2.png>
Package pdftex.def Info: 2.png  used on input line 1566.
(pdftex.def)             Requested size: 421.12428pt x 298.77907pt.
 [186

]
Overfull \hbox (12.59988pt too wide) in paragraph at lines 1566--1568
[]$[]$ 
 []

File: 1.png Graphic file (type png)
<use 1.png>
Package pdftex.def Info: 1.png  used on input line 1569.
(pdftex.def)             Requested size: 421.12428pt x 298.77907pt.
[187

]
File: 2.png Graphic file (type png)
<use 2.png>
Package pdftex.def Info: 2.png  used on input line 1575.
(pdftex.def)             Requested size: 421.12428pt x 298.77907pt.
 [188

]
Overfull \hbox (12.59988pt too wide) in paragraph at lines 1575--1577
[]$[]$ 
 []

File: 1.png Graphic file (type png)
<use 1.png>
Package pdftex.def Info: 1.png  used on input line 1578.
(pdftex.def)             Requested size: 421.12428pt x 298.77907pt.
[189

]
File: 2.png Graphic file (type png)
<use 2.png>
Package pdftex.def Info: 2.png  used on input line 1590.
(pdftex.def)             Requested size: 421.12428pt x 298.77907pt.
 [190

]
Overfull \hbox (12.59988pt too wide) in paragraph at lines 1590--1592
[]$[]$ 
 []

File: 1.png Graphic file (type png)
<use 1.png>
Package pdftex.def Info: 1.png  used on input line 1593.
(pdftex.def)             Requested size: 421.12428pt x 298.77907pt.
[191

]
File: 2.png Graphic file (type png)
<use 2.png>
Package pdftex.def Info: 2.png  used on input line 1606.
(pdftex.def)             Requested size: 421.12428pt x 298.77907pt.
 [192

]
Overfull \hbox (12.59988pt too wide) in paragraph at lines 1606--1608
[]$[]$ 
 []

File: 1.png Graphic file (type png)
<use 1.png>
Package pdftex.def Info: 1.png  used on input line 1609.
(pdftex.def)             Requested size: 421.12428pt x 298.77907pt.
[193

]
File: 2.png Graphic file (type png)
<use 2.png>
Package pdftex.def Info: 2.png  used on input line 1621.
(pdftex.def)             Requested size: 421.12428pt x 298.77907pt.
 [194

]
Overfull \hbox (12.59988pt too wide) in paragraph at lines 1621--1623
[]$[]$ 
 []

File: 1.png Graphic file (type png)
<use 1.png>
Package pdftex.def Info: 1.png  used on input line 1624.
(pdftex.def)             Requested size: 421.12428pt x 298.77907pt.
[195

]
File: 2.png Graphic file (type png)
<use 2.png>
Package pdftex.def Info: 2.png  used on input line 1641.
(pdftex.def)             Requested size: 421.12428pt x 298.77907pt.
 [196

]
Overfull \hbox (12.59988pt too wide) in paragraph at lines 1641--1643
[]$[]$ 
 []

File: 1.png Graphic file (type png)
<use 1.png>
Package pdftex.def Info: 1.png  used on input line 1644.
(pdftex.def)             Requested size: 421.12428pt x 298.77907pt.
[197

]
File: 2.png Graphic file (type png)
<use 2.png>
Package pdftex.def Info: 2.png  used on input line 1660.
(pdftex.def)             Requested size: 421.12428pt x 298.77907pt.
 [198

]
Overfull \hbox (12.59988pt too wide) in paragraph at lines 1660--1662
[]$[]$ 
 []

File: 1.png Graphic file (type png)
<use 1.png>
Package pdftex.def Info: 1.png  used on input line 1663.
(pdftex.def)             Requested size: 421.12428pt x 298.77907pt.
[199

]
File: 2.png Graphic file (type png)
<use 2.png>
Package pdftex.def Info: 2.png  used on input line 1674.
(pdftex.def)             Requested size: 421.12428pt x 298.77907pt.
 [200

]
Overfull \hbox (12.59988pt too wide) in paragraph at lines 1674--1677
[]$[]$ 
 []

File: 1.png Graphic file (type png)
<use 1.png>
Package pdftex.def Info: 1.png  used on input line 1678.
(pdftex.def)             Requested size: 421.12428pt x 298.77907pt.
[201

]
File: 2.png Graphic file (type png)
<use 2.png>
Package pdftex.def Info: 2.png  used on input line 1686.
(pdftex.def)             Requested size: 421.12428pt x 298.77907pt.
 [202

]
Overfull \hbox (12.59988pt too wide) in paragraph at lines 1686--1689
[]$[]$ 
 []

File: 1.png Graphic file (type png)
<use 1.png>
Package pdftex.def Info: 1.png  used on input line 1690.
(pdftex.def)             Requested size: 421.12428pt x 298.77907pt.
[203

]
File: 2.png Graphic file (type png)
<use 2.png>
Package pdftex.def Info: 2.png  used on input line 1700.
(pdftex.def)             Requested size: 421.12428pt x 298.77907pt.
 [204

]
Overfull \hbox (12.59988pt too wide) in paragraph at lines 1700--1705
[]$[]$ 
 []

File: 1.png Graphic file (type png)
<use 1.png>
Package pdftex.def Info: 1.png  used on input line 1706.
(pdftex.def)             Requested size: 421.12428pt x 298.77907pt.
[205

]
File: 2.png Graphic file (type png)
<use 2.png>
Package pdftex.def Info: 2.png  used on input line 1714.
(pdftex.def)             Requested size: 421.12428pt x 298.77907pt.
 [206

]
Overfull \hbox (12.59988pt too wide) in paragraph at lines 1714--1718
[]$[]$ 
 []

File: 1.png Graphic file (type png)
<use 1.png>
Package pdftex.def Info: 1.png  used on input line 1719.
(pdftex.def)             Requested size: 421.12428pt x 298.77907pt.
[207

]
File: 2.png Graphic file (type png)
<use 2.png>
Package pdftex.def Info: 2.png  used on input line 1729.
(pdftex.def)             Requested size: 421.12428pt x 298.77907pt.
 [208

]
Overfull \hbox (12.59988pt too wide) in paragraph at lines 1729--1735
[]$[]$ 
 []

File: 1.png Graphic file (type png)
<use 1.png>
Package pdftex.def Info: 1.png  used on input line 1736.
(pdftex.def)             Requested size: 421.12428pt x 298.77907pt.
[209

]
File: 2.png Graphic file (type png)
<use 2.png>
Package pdftex.def Info: 2.png  used on input line 1746.
(pdftex.def)             Requested size: 421.12428pt x 298.77907pt.
 [210

]
Overfull \hbox (12.59988pt too wide) in paragraph at lines 1746--1750
[]$[]$ 
 []

File: 1.png Graphic file (type png)
<use 1.png>
Package pdftex.def Info: 1.png  used on input line 1751.
(pdftex.def)             Requested size: 421.12428pt x 298.77907pt.
[211

]
File: 2.png Graphic file (type png)
<use 2.png>
Package pdftex.def Info: 2.png  used on input line 1763.
(pdftex.def)             Requested size: 421.12428pt x 298.77907pt.
 [212

]
Overfull \hbox (12.59988pt too wide) in paragraph at lines 1763--1767
[]$[]$ 
 []

File: 1.png Graphic file (type png)
<use 1.png>
Package pdftex.def Info: 1.png  used on input line 1768.
(pdftex.def)             Requested size: 421.12428pt x 298.77907pt.
[213

]
File: 2.png Graphic file (type png)
<use 2.png>
Package pdftex.def Info: 2.png  used on input line 1774.
(pdftex.def)             Requested size: 421.12428pt x 298.77907pt.
 [214

]
Overfull \hbox (12.59988pt too wide) in paragraph at lines 1774--1780
[]$[]$ 
 []

File: 1.png Graphic file (type png)
<use 1.png>
Package pdftex.def Info: 1.png  used on input line 1781.
(pdftex.def)             Requested size: 421.12428pt x 298.77907pt.
[215

]
File: 2.png Graphic file (type png)
<use 2.png>
Package pdftex.def Info: 2.png  used on input line 1795.
(pdftex.def)             Requested size: 421.12428pt x 298.77907pt.
 [216

]
Overfull \hbox (12.59988pt too wide) in paragraph at lines 1795--1799
[]$[]$ 
 []

File: 1.png Graphic file (type png)
<use 1.png>
Package pdftex.def Info: 1.png  used on input line 1800.
(pdftex.def)             Requested size: 421.12428pt x 298.77907pt.
[217

]
<schema_gerade_gerade.pdf, id=719, 441.35088pt x 292.13239pt>
File: schema_gerade_gerade.pdf Graphic file (type pdf)
<use schema_gerade_gerade.pdf>
Package pdftex.def Info: schema_gerade_gerade.pdf  used on input line 1802.
(pdftex.def)             Requested size: 284.52756pt x 188.33255pt.
File: 2.png Graphic file (type png)
<use 2.png>
Package pdftex.def Info: 2.png  used on input line 1806.
(pdftex.def)             Requested size: 421.12428pt x 298.77907pt.
 [218

 <./schema_gerade_gerade.pdf>]
Overfull \hbox (12.59988pt too wide) in paragraph at lines 1806--1810
[]$[]$ 
 []

File: 1.png Graphic file (type png)
<use 1.png>
Package pdftex.def Info: 1.png  used on input line 1811.
(pdftex.def)             Requested size: 421.12428pt x 298.77907pt.
[219

]
File: 2.png Graphic file (type png)
<use 2.png>
Package pdftex.def Info: 2.png  used on input line 1819.
(pdftex.def)             Requested size: 421.12428pt x 298.77907pt.
 [220

]
Overfull \hbox (12.59988pt too wide) in paragraph at lines 1819--1822
[]$[]$ 
 []

File: 1.png Graphic file (type png)
<use 1.png>
Package pdftex.def Info: 1.png  used on input line 1823.
(pdftex.def)             Requested size: 421.12428pt x 298.77907pt.
[221

]
File: 2.png Graphic file (type png)
<use 2.png>
Package pdftex.def Info: 2.png  used on input line 1831.
(pdftex.def)             Requested size: 421.12428pt x 298.77907pt.
 [222

]
Overfull \hbox (12.59988pt too wide) in paragraph at lines 1831--1834
[]$[]$ 
 []

File: 1.png Graphic file (type png)
<use 1.png>
Package pdftex.def Info: 1.png  used on input line 1835.
(pdftex.def)             Requested size: 421.12428pt x 298.77907pt.
[223

]
File: 2.png Graphic file (type png)
<use 2.png>
Package pdftex.def Info: 2.png  used on input line 1842.
(pdftex.def)             Requested size: 421.12428pt x 298.77907pt.
 [224

]
Overfull \hbox (12.59988pt too wide) in paragraph at lines 1842--1849
[]$[]$ 
 []

File: 1.png Graphic file (type png)
<use 1.png>
Package pdftex.def Info: 1.png  used on input line 1850.
(pdftex.def)             Requested size: 421.12428pt x 298.77907pt.
[225

]
File: 2.png Graphic file (type png)
<use 2.png>
Package pdftex.def Info: 2.png  used on input line 1858.
(pdftex.def)             Requested size: 421.12428pt x 298.77907pt.
 [226

]
Overfull \hbox (12.59988pt too wide) in paragraph at lines 1858--1865
[]$[]$ 
 []

File: 1.png Graphic file (type png)
<use 1.png>
Package pdftex.def Info: 1.png  used on input line 1866.
(pdftex.def)             Requested size: 421.12428pt x 298.77907pt.
[227

]
File: 2.png Graphic file (type png)
<use 2.png>
Package pdftex.def Info: 2.png  used on input line 1874.
(pdftex.def)             Requested size: 421.12428pt x 298.77907pt.
 [228

]
Overfull \hbox (12.59988pt too wide) in paragraph at lines 1874--1877
[]$[]$ 
 []

File: 1.png Graphic file (type png)
<use 1.png>
Package pdftex.def Info: 1.png  used on input line 1878.
(pdftex.def)             Requested size: 421.12428pt x 298.77907pt.
[229

]
File: 2.png Graphic file (type png)
<use 2.png>
Package pdftex.def Info: 2.png  used on input line 1887.
(pdftex.def)             Requested size: 421.12428pt x 298.77907pt.
 [230

]
Overfull \hbox (12.59988pt too wide) in paragraph at lines 1887--1890
[]$[]$ 
 []

File: 1.png Graphic file (type png)
<use 1.png>
Package pdftex.def Info: 1.png  used on input line 1891.
(pdftex.def)             Requested size: 421.12428pt x 298.77907pt.
[231

]
File: 2.png Graphic file (type png)
<use 2.png>
Package pdftex.def Info: 2.png  used on input line 1903.
(pdftex.def)             Requested size: 421.12428pt x 298.77907pt.
 [232

]
Overfull \hbox (12.59988pt too wide) in paragraph at lines 1903--1909
[]$[]$ 
 []

File: 1.png Graphic file (type png)
<use 1.png>
Package pdftex.def Info: 1.png  used on input line 1910.
(pdftex.def)             Requested size: 421.12428pt x 298.77907pt.
[233

]
File: 2.png Graphic file (type png)
<use 2.png>
Package pdftex.def Info: 2.png  used on input line 1933.
(pdftex.def)             Requested size: 421.12428pt x 298.77907pt.
 [234

]
Overfull \hbox (12.59988pt too wide) in paragraph at lines 1933--1937
[]$[]$ 
 []

File: 1.png Graphic file (type png)
<use 1.png>
Package pdftex.def Info: 1.png  used on input line 1938.
(pdftex.def)             Requested size: 421.12428pt x 298.77907pt.
[235

]
File: 2.png Graphic file (type png)
<use 2.png>
Package pdftex.def Info: 2.png  used on input line 1948.
(pdftex.def)             Requested size: 421.12428pt x 298.77907pt.
 [236

]
Overfull \hbox (12.59988pt too wide) in paragraph at lines 1948--1950
[]$[]$ 
 []

File: 1.png Graphic file (type png)
<use 1.png>
Package pdftex.def Info: 1.png  used on input line 1951.
(pdftex.def)             Requested size: 421.12428pt x 298.77907pt.
[237

]
File: 2.png Graphic file (type png)
<use 2.png>
Package pdftex.def Info: 2.png  used on input line 1960.
(pdftex.def)             Requested size: 421.12428pt x 298.77907pt.
 [238

]
Overfull \hbox (12.59988pt too wide) in paragraph at lines 1960--1967
[]$[]$ 
 []

File: 1.png Graphic file (type png)
<use 1.png>
Package pdftex.def Info: 1.png  used on input line 1968.
(pdftex.def)             Requested size: 421.12428pt x 298.77907pt.
[239

]
File: 2.png Graphic file (type png)
<use 2.png>
Package pdftex.def Info: 2.png  used on input line 1978.
(pdftex.def)             Requested size: 421.12428pt x 298.77907pt.
 [240

]
Overfull \hbox (12.59988pt too wide) in paragraph at lines 1978--1981
[]$[]$ 
 []

File: 1.png Graphic file (type png)
<use 1.png>
Package pdftex.def Info: 1.png  used on input line 1982.
(pdftex.def)             Requested size: 421.12428pt x 298.77907pt.
[241

]
File: 2.png Graphic file (type png)
<use 2.png>
Package pdftex.def Info: 2.png  used on input line 1990.
(pdftex.def)             Requested size: 421.12428pt x 298.77907pt.
 [242

]
Overfull \hbox (12.59988pt too wide) in paragraph at lines 1990--1995
[]$[]$ 
 []

File: 1.png Graphic file (type png)
<use 1.png>
Package pdftex.def Info: 1.png  used on input line 1996.
(pdftex.def)             Requested size: 421.12428pt x 298.77907pt.
[243

]
<schema_ebene_gerade.pdf, id=829, 413.93243pt x 191.65703pt>
File: schema_ebene_gerade.pdf Graphic file (type pdf)
<use schema_ebene_gerade.pdf>
Package pdftex.def Info: schema_ebene_gerade.pdf  used on input line 1998.
(pdftex.def)             Requested size: 369.88582pt x 171.27315pt.

Overfull \hbox (5.69048pt too wide) in paragraph at lines 1998--1999
 [][] 
 []

File: 2.png Graphic file (type png)
<use 2.png>
Package pdftex.def Info: 2.png  used on input line 2000.
(pdftex.def)             Requested size: 421.12428pt x 298.77907pt.
[244

 <./schema_ebene_gerade.pdf>]
Overfull \hbox (12.59988pt too wide) in paragraph at lines 2000--2006
[]$[]$ 
 []

File: 1.png Graphic file (type png)
<use 1.png>
Package pdftex.def Info: 1.png  used on input line 2007.
(pdftex.def)             Requested size: 421.12428pt x 298.77907pt.
[245

]
File: 2.png Graphic file (type png)
<use 2.png>
Package pdftex.def Info: 2.png  used on input line 2022.
(pdftex.def)             Requested size: 421.12428pt x 298.77907pt.
 [246

]
Overfull \hbox (12.59988pt too wide) in paragraph at lines 2022--2025
[]$[]$ 
 []

File: 1.png Graphic file (type png)
<use 1.png>
Package pdftex.def Info: 1.png  used on input line 2026.
(pdftex.def)             Requested size: 421.12428pt x 298.77907pt.
[247

]
File: 2.png Graphic file (type png)
<use 2.png>
Package pdftex.def Info: 2.png  used on input line 2034.
(pdftex.def)             Requested size: 421.12428pt x 298.77907pt.
 [248

]
Overfull \hbox (12.59988pt too wide) in paragraph at lines 2034--2037
[]$[]$ 
 []

File: 1.png Graphic file (type png)
<use 1.png>
Package pdftex.def Info: 1.png  used on input line 2038.
(pdftex.def)             Requested size: 421.12428pt x 298.77907pt.
[249

]
File: 2.png Graphic file (type png)
<use 2.png>
Package pdftex.def Info: 2.png  used on input line 2048.
(pdftex.def)             Requested size: 421.12428pt x 298.77907pt.
 [250

]
Overfull \hbox (12.59988pt too wide) in paragraph at lines 2048--2051
[]$[]$ 
 []

File: 1.png Graphic file (type png)
<use 1.png>
Package pdftex.def Info: 1.png  used on input line 2052.
(pdftex.def)             Requested size: 421.12428pt x 298.77907pt.
[251

]
Overfull \hbox (15.02544pt too wide) in paragraph at lines 2095--2096
[][] 
 []

File: 2.png Graphic file (type png)
<use 2.png>
Package pdftex.def Info: 2.png  used on input line 2098.
(pdftex.def)             Requested size: 421.12428pt x 298.77907pt.
[252

]
Overfull \hbox (12.59988pt too wide) in paragraph at lines 2098--2101
[]$[]$ 
 []

File: 1.png Graphic file (type png)
<use 1.png>
Package pdftex.def Info: 1.png  used on input line 2102.
(pdftex.def)             Requested size: 421.12428pt x 298.77907pt.
[253

]
File: 2.png Graphic file (type png)
<use 2.png>
Package pdftex.def Info: 2.png  used on input line 2110.
(pdftex.def)             Requested size: 421.12428pt x 298.77907pt.
 [254

]
Overfull \hbox (12.59988pt too wide) in paragraph at lines 2110--2113
[]$[]$ 
 []

File: 1.png Graphic file (type png)
<use 1.png>
Package pdftex.def Info: 1.png  used on input line 2114.
(pdftex.def)             Requested size: 421.12428pt x 298.77907pt.
[255

]
File: 2.png Graphic file (type png)
<use 2.png>
Package pdftex.def Info: 2.png  used on input line 2123.
(pdftex.def)             Requested size: 421.12428pt x 298.77907pt.
 [256

]
Overfull \hbox (12.59988pt too wide) in paragraph at lines 2123--2126
[]$[]$ 
 []

File: 1.png Graphic file (type png)
<use 1.png>
Package pdftex.def Info: 1.png  used on input line 2127.
(pdftex.def)             Requested size: 421.12428pt x 298.77907pt.
[257

]
<schema_ebene_ebene.pdf, id=886, 426.7734pt x 189.98979pt>
File: schema_ebene_ebene.pdf Graphic file (type pdf)
<use schema_ebene_ebene.pdf>
Package pdftex.def Info: schema_ebene_ebene.pdf  used on input line 2129.
(pdftex.def)             Requested size: 369.88582pt x 164.67229pt.

Overfull \hbox (5.69048pt too wide) in paragraph at lines 2129--2130
 [][] 
 []

File: 2.png Graphic file (type png)
<use 2.png>
Package pdftex.def Info: 2.png  used on input line 2132.
(pdftex.def)             Requested size: 421.12428pt x 298.77907pt.
[258

 <./schema_ebene_ebene.pdf>]
Overfull \hbox (12.59988pt too wide) in paragraph at lines 2132--2135
[]$[]$ 
 []

File: 1.png Graphic file (type png)
<use 1.png>
Package pdftex.def Info: 1.png  used on input line 2136.
(pdftex.def)             Requested size: 421.12428pt x 298.77907pt.
[259

]
Underfull \hbox (badness 10000) in paragraph at lines 2142--2178
[]$[] \OT1/cmbr/m/n/17.28 (+20) = [] + 2 \OMS/cmbrs/m/n/17.28 ^^A []$
 []

File: 2.png Graphic file (type png)
<use 2.png>
Package pdftex.def Info: 2.png  used on input line 2180.
(pdftex.def)             Requested size: 421.12428pt x 298.77907pt.
[260

] (./Karteikarten_Akademus.aux)
 ***********
LaTeX2e <2025-11-01>
L3 programming layer <2025-11-14>
 ***********
 ) 
Here is how much of TeX's memory you used:
 26992 strings out of 467538
 568634 string characters out of 5423724
 1129403 words of memory out of 5000000
 55214 multiletter control sequences out of 15000+600000
 672886 words of font info for 256 fonts, out of 8000000 for 9000
 1141 hyphenation exceptions out of 8191
 115i,20n,110p,11310b,1045s stack positions out of 10000i,1000n,20000p,200000b,200000s
<c:/texlive/2025/texmf-dist/fonts/type1/public/amsfonts/euler/eurm10.pfb><c:/texlive/2025/texmf-dist/fonts/type1/public/hfbright/hfbr10.pfb><c:/texlive/2025/texmf-dist/fonts/type1/public/hfbright/hfbr17.pfb><c:/texlive/2025/texmf-dist/fonts/type1/public/hfbright/hfbr8.pfb><c:/texlive/2025/texmf-dist/fonts/type1/public/hfbright/hfbrbs10.pfb><c:/texlive/2025/texmf-dist/fonts/type1/public/hfbright/hfbrbx10.pfb><c:/texlive/2025/texmf-dist/fonts/type1/public/hfbright/hfbrmi10.pfb><c:/texlive/2025/texmf-dist/fonts/type1/public/hfbright/hfbrmi8.pfb><c:/texlive/2025/texmf-dist/fonts/type1/public/hfbright/hfbrsy10.pfb><c:/texlive/2025/texmf-dist/fonts/type1/public/hfbright/hfbrsy8.pfb><c:/texlive/2025/texmf-dist/fonts/type1/public/lm/lmex10.pfb><c:/texlive/2025/texmf-dist/fonts/type1/public/cm-super/sfbbx10.pfb><c:/texlive/2025/texmf-dist/fonts/type1/public/cm-super/sfbmr10.pfb><c:/texlive/2025/texmf-dist/fonts/type1/public/cm-super/sfbmr17.pfb><c:/texlive/2025/texmf-dist/fonts/type1/public/cm-super/sfbmr8.pfb><c:/texlive/2025/texmf-dist/fonts/type1/public/esvect/vect10.pfb>
Output written on Karteikarten_Akademus.pdf (260 pages, 2042671 bytes).
PDF statistics:
 986 PDF objects out of 1000 (max. 8388607)
 676 compressed objects within 7 object streams
 0 named destinations out of 1000 (max. 500000)
 90158 words of extra memory for PDF output out of 106986 (max. 10000000)

