This is pdfTeX, Version 3.141592653-2.6-1.40.28 (TeX Live 2025) (preloaded format=pdflatex 2025.11.26)  27 APR 2026 16:55
entering extended mode
 restricted \write18 enabled.
 %&-line parsing enabled.
**Karteikarten_Akademus.tex
(./Karteikarten_Akademus.tex
LaTeX2e <2025-11-01>
L3 programming layer <2025-11-14>
(c:/texlive/2025/texmf-dist/tex/latex/koma-script/scrartcl.cls
Document Class: scrartcl 2025/09/09 v3.48 KOMA-Script document class (article)
(c:/texlive/2025/texmf-dist/tex/latex/koma-script/scrkbase.sty
Package: scrkbase 2025/09/09 v3.48 KOMA-Script package (KOMA-Script-dependent b
asics and keyval usage)

(c:/texlive/2025/texmf-dist/tex/latex/koma-script/scrbase.sty
Package: scrbase 2025/09/09 v3.48 KOMA-Script package (KOMA-Script-independent 
basics and keyval usage)

(c:/texlive/2025/texmf-dist/tex/latex/koma-script/scrlfile.sty
Package: scrlfile 2025/09/09 v3.48 KOMA-Script package (file load hooks)

(c:/texlive/2025/texmf-dist/tex/latex/koma-script/scrlfile-hook.sty
Package: scrlfile-hook 2025/09/09 v3.48 KOMA-Script package (using LaTeX hooks)


(c:/texlive/2025/texmf-dist/tex/latex/koma-script/scrlogo.sty
Package: scrlogo 2025/09/09 v3.48 KOMA-Script package (logo)
)))
(c:/texlive/2025/texmf-dist/tex/latex/graphics/keyval.sty
Package: keyval 2022/05/29 v1.15 key=value parser (DPC)
\KV@toks@=\toks17
)
Applying: [2021/05/01] Usage of raw or classic option list on input line 254.
Already applied: [0000/00/00] Usage of raw or classic option list on input line
 370.
))
(c:/texlive/2025/texmf-dist/tex/latex/koma-script/tocbasic.sty
Package: tocbasic 2025/09/09 v3.48 KOMA-Script package (handling toc-files)
\scr@dte@tocline@numberwidth=\skip49
\scr@dte@tocline@numbox=\box53
)
Package tocbasic Info: omitting babel extension for `toc'
(tocbasic)             because of feature `nobabel' available
(tocbasic)             for `toc' on input line 141.
Class scrartcl Info: File `scrsize12pt.clo' used to setup font sizes on input l
ine 2486.

(c:/texlive/2025/texmf-dist/tex/latex/koma-script/scrsize12pt.clo
File: scrsize12pt.clo 2025/09/09 v3.48 KOMA-Script font size class option (12pt
)
)
(c:/texlive/2025/texmf-dist/tex/latex/koma-script/typearea.sty
Package: typearea 2025/09/09 v3.48 KOMA-Script package (type area)
\ta@bcor=\skip50
\ta@div=\count275
Package typearea Info: You've used standard option `landscape'.
(typearea)             This is correct!
(typearea)             Internally I'm using `paper=landscape'.
(typearea)             If you'd like to set the option with \KOMAoptions,
(typearea)             you'd have to use `paper=landscape' there
(typearea)             instead of `landscape', too.
\ta@hblk=\skip51
\ta@vblk=\skip52
\ta@temp=\skip53
\footheight=\skip54
Package typearea Info: With paper sizes other than (almost) `A4' predefined
(typearea)             DIV values do not exist. Using DIV calculation for good
(typearea)             line width (unless using `version=3.24` or prior).


Package typearea Info: DIV calculation for classic typearea. on input line 1807
.

Package typearea Info: Maybe no optimal type area settings!
(typearea)             The detected line width is about 44%
(typearea)             smaller than the heuristically estimated maximum
(typearea)             limit of typographical good line width.
(typearea)             You could e.g. increase DIV, decrease fontsize
(typearea)             or change the papersize.
Package typearea Info: These are the values describing the layout:
(typearea)             DIV  = 6
(typearea)             BCOR = 0.0pt
(typearea)             \paperwidth      = 421.10083pt
(typearea)              \textwidth      = 210.55042pt
(typearea)              DIV departure   = 44%
(typearea)              \evensidemargin = 68.09695pt
(typearea)              \oddsidemargin  = -2.08652pt
(typearea)             \paperheight     = 298.75397pt
(typearea)              \textheight     = 157.0pt
(typearea)              \topmargin      = -62.35266pt
(typearea)              \headheight     = 18.125pt
(typearea)              \headsep        = 21.75pt
(typearea)              \topskip        = 12.0pt
(typearea)              \footskip       = 50.75pt
(typearea)              \baselineskip   = 14.5pt
(typearea)              on input line 1807.
)
\c@part=\count276
\c@section=\count277
\c@subsection=\count278
\c@subsubsection=\count279
\c@paragraph=\count280
\c@subparagraph=\count281
\scr@dte@section@maxnumwidth=\skip55
Class scrartcl Info: using compatibility default `runin=bysign'
(scrartcl)           for `\section on input line 5161.
Class scrartcl Info: using compatibility default `afterindent=bysign'
(scrartcl)           for `\section on input line 5161.
\scr@dte@part@maxnumwidth=\skip56
Class scrartcl Info: using compatibility default `afterindent=false'
(scrartcl)           for `\part on input line 5169.
\scr@dte@subsection@maxnumwidth=\skip57
Class scrartcl Info: using compatibility default `runin=bysign'
(scrartcl)           for `\subsection on input line 5179.
Class scrartcl Info: using compatibility default `afterindent=bysign'
(scrartcl)           for `\subsection on input line 5179.
\scr@dte@subsubsection@maxnumwidth=\skip58
Class scrartcl Info: using compatibility default `runin=bysign'
(scrartcl)           for `\subsubsection on input line 5189.
Class scrartcl Info: using compatibility default `afterindent=bysign'
(scrartcl)           for `\subsubsection on input line 5189.
\scr@dte@paragraph@maxnumwidth=\skip59
Class scrartcl Info: using compatibility default `runin=bysign'
(scrartcl)           for `\paragraph on input line 5200.
Class scrartcl Info: using compatibility default `afterindent=bysign'
(scrartcl)           for `\paragraph on input line 5200.
\scr@dte@subparagraph@maxnumwidth=\skip60
Class scrartcl Info: using compatibility default `runin=bysign'
(scrartcl)           for `\subparagraph on input line 5210.
Class scrartcl Info: using compatibility default `afterindent=bysign'
(scrartcl)           for `\subparagraph on input line 5210.
\abovecaptionskip=\skip61
\belowcaptionskip=\skip62
\c@pti@nb@sid@b@x=\box54
Package tocbasic Info: omitting babel extension for `lof'
(tocbasic)             because of feature `nobabel' available
(tocbasic)             for `lof' on input line 6410.
\scr@dte@figure@maxnumwidth=\skip63
\c@figure=\count282
Package tocbasic Info: omitting babel extension for `lot'
(tocbasic)             because of feature `nobabel' available
(tocbasic)             for `lot' on input line 6422.
\scr@dte@table@maxnumwidth=\skip64
\c@table=\count283
Class scrartcl Info: Redefining `\numberline' on input line 6592.
\bibindent=\dimen148
) (./praeambel_karteikarten.tex
(c:/texlive/2025/texmf-dist/tex/latex/base/inputenc.sty
Package: inputenc 2024/02/08 v1.3d Input encoding file
\inpenc@prehook=\toks18
\inpenc@posthook=\toks19
)
(c:/texlive/2025/texmf-dist/tex/latex/base/fontenc.sty
Package: fontenc 2025/07/18 v2.1d Standard LaTeX package
)
(c:/texlive/2025/texmf-dist/tex/latex/lm/lmodern.sty
Package: lmodern 2015/05/01 v1.6.1 Latin Modern Fonts
LaTeX Font Info:    Overwriting symbol font `operators' in version `normal'
(Font)                  OT1/cmr/m/n --> OT1/lmr/m/n on input line 22.
LaTeX Font Info:    Overwriting symbol font `letters' in version `normal'
(Font)                  OML/cmm/m/it --> OML/lmm/m/it on input line 23.
LaTeX Font Info:    Overwriting symbol font `symbols' in version `normal'
(Font)                  OMS/cmsy/m/n --> OMS/lmsy/m/n on input line 24.
LaTeX Font Info:    Overwriting symbol font `largesymbols' in version `normal'
(Font)                  OMX/cmex/m/n --> OMX/lmex/m/n on input line 25.
LaTeX Font Info:    Overwriting symbol font `operators' in version `bold'
(Font)                  OT1/cmr/bx/n --> OT1/lmr/bx/n on input line 26.
LaTeX Font Info:    Overwriting symbol font `letters' in version `bold'
(Font)                  OML/cmm/b/it --> OML/lmm/b/it on input line 27.
LaTeX Font Info:    Overwriting symbol font `symbols' in version `bold'
(Font)                  OMS/cmsy/b/n --> OMS/lmsy/b/n on input line 28.
LaTeX Font Info:    Overwriting symbol font `largesymbols' in version `bold'
(Font)                  OMX/cmex/m/n --> OMX/lmex/m/n on input line 29.
LaTeX Font Info:    Overwriting math alphabet `\mathbf' in version `normal'
(Font)                  OT1/cmr/bx/n --> OT1/lmr/bx/n on input line 31.
LaTeX Font Info:    Overwriting math alphabet `\mathsf' in version `normal'
(Font)                  OT1/cmss/m/n --> OT1/lmss/m/n on input line 32.
LaTeX Font Info:    Overwriting math alphabet `\mathit' in version `normal'
(Font)                  OT1/cmr/m/it --> OT1/lmr/m/it on input line 33.
LaTeX Font Info:    Overwriting math alphabet `\mathtt' in version `normal'
(Font)                  OT1/cmtt/m/n --> OT1/lmtt/m/n on input line 34.
LaTeX Font Info:    Overwriting math alphabet `\mathbf' in version `bold'
(Font)                  OT1/cmr/bx/n --> OT1/lmr/bx/n on input line 35.
LaTeX Font Info:    Overwriting math alphabet `\mathsf' in version `bold'
(Font)                  OT1/cmss/bx/n --> OT1/lmss/bx/n on input line 36.
LaTeX Font Info:    Overwriting math alphabet `\mathit' in version `bold'
(Font)                  OT1/cmr/bx/it --> OT1/lmr/bx/it on input line 37.
LaTeX Font Info:    Overwriting math alphabet `\mathtt' in version `bold'
(Font)                  OT1/cmtt/m/n --> OT1/lmtt/m/n on input line 38.
)
(c:/texlive/2025/texmf-dist/tex/generic/babel/babel.sty
Package: babel 2025/11/23 v25.16 The multilingual framework for LuaLaTeX, pdfLa
TeX and XeLaTeX
\babel@savecnt=\count284
LaTeX Encoding Info:    Redeclaring text command \ij (encoding OT1) on input li
ne 2050.
LaTeX Encoding Info:    Redeclaring text command \IJ (encoding OT1) on input li
ne 2052.
LaTeX Encoding Info:    Redeclaring text command \ij (encoding T1) on input lin
e 2054.
LaTeX Encoding Info:    Redeclaring text command \IJ (encoding T1) on input lin
e 2055.
LaTeX Encoding Info:    Ignoring declaration for text command \ij (encoding ?) 
on input line 2056.
LaTeX Encoding Info:    Ignoring declaration for text command \IJ (encoding ?) 
on input line 2058.
LaTeX Encoding Info:    Ignoring declaration for text command \SS (encoding ?) 
on input line 2083.
\U@D=\dimen149
\l@unhyphenated=\language90

(c:/texlive/2025/texmf-dist/tex/generic/babel/txtbabel.def)
\bbl@readstream=\read2
\bbl@dirlevel=\count285

(c:/texlive/2025/texmf-dist/tex/generic/babel/locale/invalid/babel-ngerman.tex)
Package babel Info: Importing font and identification data for ngerman
(babel)             from babel-de.ini. Reported on input line 4298.
(c:/texlive/2025/texmf-dist/tex/generic/babel-german/ngerman.ldf
Language: ngerman 2024/12/10 v2.15 German support for babel (post-1996 orthogra
phy)

(c:/texlive/2025/texmf-dist/tex/generic/babel-german/ngermanb.ldf
Language: ngermanb 2024/12/10 v2.15 German support for babel (post-1996 orthogr
aphy)
Package babel Info: Making " an active character on input line 122.
)))
(c:/texlive/2025/texmf-dist/tex/latex/microtype/microtype.sty
Package: microtype 2025/07/09 v3.2b Micro-typographical refinements (RS)

(c:/texlive/2025/texmf-dist/tex/latex/etoolbox/etoolbox.sty
Package: etoolbox 2025/10/02 v2.5m e-TeX tools for LaTeX (JAW)
\etb@tempcnta=\count286
)
\MT@toks=\toks20
\MT@tempbox=\box55
\MT@count=\count287
LaTeX Info: Redefining \noprotrusionifhmode on input line 1087.
LaTeX Info: Redefining \leftprotrusion on input line 1088.
\MT@prot@toks=\toks21
LaTeX Info: Redefining \rightprotrusion on input line 1107.
LaTeX Info: Redefining \textls on input line 1449.
\MT@outer@kern=\dimen150
LaTeX Info: Redefining \microtypecontext on input line 2053.
LaTeX Info: Redefining \textmicrotypecontext on input line 2070.
\MT@listname@count=\count288

(c:/texlive/2025/texmf-dist/tex/latex/microtype/microtype-pdftex.def
File: microtype-pdftex.def 2025/07/09 v3.2b Definitions specific to pdftex (RS)

LaTeX Info: Redefining \lsstyle on input line 944.
LaTeX Info: Redefining \lslig on input line 944.
\MT@outer@space=\skip65
)
Package microtype Info: Loading configuration file microtype.cfg.

(c:/texlive/2025/texmf-dist/tex/latex/microtype/microtype.cfg
File: microtype.cfg 2025/07/09 v3.2b microtype main configuration file (RS)
)
LaTeX Info: Redefining \microtypesetup on input line 3065.
)
(c:/texlive/2025/texmf-dist/tex/latex/url/url.sty
\Urlmuskip=\muskip17
Package: url 2013/09/16  ver 3.4  Verb mode for urls, etc.
)
(c:/texlive/2025/texmf-dist/tex/latex/geometry/geometry.sty
Package: geometry 2020/01/02 v5.9 Page Geometry

(c:/texlive/2025/texmf-dist/tex/generic/iftex/ifvtex.sty
Package: ifvtex 2019/10/25 v1.7 ifvtex legacy package. Use iftex instead.

(c:/texlive/2025/texmf-dist/tex/generic/iftex/iftex.sty
Package: iftex 2024/12/12 v1.0g TeX engine tests
))
\Gm@cnth=\count289
\Gm@cntv=\count290
\c@Gm@tempcnt=\count291
\Gm@bindingoffset=\dimen151
\Gm@wd@mp=\dimen152
\Gm@odd@mp=\dimen153
\Gm@even@mp=\dimen154
\Gm@layoutwidth=\dimen155
\Gm@layoutheight=\dimen156
\Gm@layouthoffset=\dimen157
\Gm@layoutvoffset=\dimen158
\Gm@dimlist=\toks22
)
\c@kartennummer=\count292

(c:/texlive/2025/texmf-dist/tex/latex/koma-script/scrlayer-scrpage.sty
Package: scrlayer-scrpage 2025/09/09 v3.48 KOMA-Script package (end user interf
ace for scrlayer)

(c:/texlive/2025/texmf-dist/tex/latex/koma-script/scrlayer.sty
Package: scrlayer 2025/09/09 v3.48 KOMA-Script package (defining layers and pag
e styles)
Package scrlayer Info: patching LaTeX kernel macro \pagestyle on input line 217
9.
)
Package scrlayer-scrpage Info: Makeing stand-alone element `pagehead' from
(scrlayer-scrpage)             alias to `pageheadfoot' on input line 1106.
)
(c:/texlive/2025/texmf-dist/tex/latex/cmbright/cmbright.sty
Package: cmbright 2005/04/13 v8.1 (WaS)
LaTeX Font Info:    Redeclaring symbol font `operators' on input line 29.
LaTeX Font Info:    Overwriting symbol font `operators' in version `normal'
(Font)                  OT1/lmr/m/n --> OT1/cmbr/m/n on input line 29.
LaTeX Font Info:    Overwriting symbol font `operators' in version `bold'
(Font)                  OT1/lmr/bx/n --> OT1/cmbr/m/n on input line 29.
LaTeX Font Info:    Redeclaring symbol font `letters' on input line 30.
LaTeX Font Info:    Overwriting symbol font `letters' in version `normal'
(Font)                  OML/lmm/m/it --> OML/cmbrm/m/it on input line 30.
LaTeX Font Info:    Overwriting symbol font `letters' in version `bold'
(Font)                  OML/lmm/b/it --> OML/cmbrm/m/it on input line 30.
LaTeX Font Info:    Overwriting symbol font `letters' in version `bold'
(Font)                  OML/cmbrm/m/it --> OML/cmbrm/b/it on input line 31.
LaTeX Font Info:    Redeclaring symbol font `symbols' on input line 32.
LaTeX Font Info:    Overwriting symbol font `symbols' in version `normal'
(Font)                  OMS/lmsy/m/n --> OMS/cmbrs/m/n on input line 32.
LaTeX Font Info:    Overwriting symbol font `symbols' in version `bold'
(Font)                  OMS/lmsy/b/n --> OMS/cmbrs/m/n on input line 32.
LaTeX Font Info:    Redeclaring math alphabet \mathit on input line 33.
LaTeX Font Info:    Overwriting math alphabet `\mathit' in version `normal'
(Font)                  OT1/lmr/m/it --> OT1/cmbr/m/sl on input line 33.
LaTeX Font Info:    Overwriting math alphabet `\mathit' in version `bold'
(Font)                  OT1/lmr/bx/it --> OT1/cmbr/m/sl on input line 33.
LaTeX Font Info:    Redeclaring math alphabet \mathbf on input line 34.
LaTeX Font Info:    Overwriting math alphabet `\mathbf' in version `normal'
(Font)                  OT1/lmr/bx/n --> OT1/cmbr/bx/n on input line 34.
LaTeX Font Info:    Overwriting math alphabet `\mathbf' in version `bold'
(Font)                  OT1/lmr/bx/n --> OT1/cmbr/bx/n on input line 34.
LaTeX Font Info:    Redeclaring math alphabet \mathtt on input line 35.
LaTeX Font Info:    Overwriting math alphabet `\mathtt' in version `normal'
(Font)                  OT1/lmtt/m/n --> OT1/cmtl/m/n on input line 35.
LaTeX Font Info:    Overwriting math alphabet `\mathtt' in version `bold'
(Font)                  OT1/lmtt/m/n --> OT1/cmtl/m/n on input line 35.
LaTeX Font Info:    Redeclaring math symbol \alpha on input line 37.
LaTeX Font Info:    Redeclaring math symbol \beta on input line 38.
LaTeX Font Info:    Redeclaring math symbol \gamma on input line 39.
LaTeX Font Info:    Redeclaring math symbol \delta on input line 40.
LaTeX Font Info:    Redeclaring math symbol \epsilon on input line 41.
LaTeX Font Info:    Redeclaring math symbol \zeta on input line 42.
LaTeX Font Info:    Redeclaring math symbol \eta on input line 43.
LaTeX Font Info:    Redeclaring math symbol \theta on input line 44.
LaTeX Font Info:    Redeclaring math symbol \iota on input line 45.
LaTeX Font Info:    Redeclaring math symbol \kappa on input line 46.
LaTeX Font Info:    Redeclaring math symbol \lambda on input line 47.
LaTeX Font Info:    Redeclaring math symbol \mu on input line 48.
LaTeX Font Info:    Redeclaring math symbol \nu on input line 49.
LaTeX Font Info:    Redeclaring math symbol \xi on input line 50.
LaTeX Font Info:    Redeclaring math symbol \pi on input line 51.
LaTeX Font Info:    Redeclaring math symbol \rho on input line 52.
LaTeX Font Info:    Redeclaring math symbol \sigma on input line 53.
LaTeX Font Info:    Redeclaring math symbol \tau on input line 54.
LaTeX Font Info:    Redeclaring math symbol \upsilon on input line 55.
LaTeX Font Info:    Redeclaring math symbol \phi on input line 56.
LaTeX Font Info:    Redeclaring math symbol \chi on input line 57.
LaTeX Font Info:    Redeclaring math symbol \psi on input line 58.
LaTeX Font Info:    Redeclaring math symbol \omega on input line 59.
LaTeX Font Info:    Redeclaring math symbol \varepsilon on input line 60.
LaTeX Font Info:    Redeclaring math symbol \vartheta on input line 61.
LaTeX Font Info:    Redeclaring math symbol \varpi on input line 62.
LaTeX Font Info:    Redeclaring math symbol \varrho on input line 63.
LaTeX Font Info:    Redeclaring math symbol \varsigma on input line 64.
LaTeX Font Info:    Redeclaring math symbol \varphi on input line 65.
LaTeX Info: Redefining \LaTeX on input line 129.
LaTeX Info: Redefining \LaTeXe on input line 139.
LaTeX Font Info:    Trying to load font information for T1+cmbr on input line 1
44.

(c:/texlive/2025/texmf-dist/tex/latex/cmbright/t1cmbr.fd
File: t1cmbr.fd 2005/04/13 v8.1 (WaS)
))
(c:/texlive/2025/texmf-dist/tex/latex/xcolor/xcolor.sty
Package: xcolor 2024/09/29 v3.02 LaTeX color extensions (UK)

(c:/texlive/2025/texmf-dist/tex/latex/graphics-cfg/color.cfg
File: color.cfg 2016/01/02 v1.6 sample color configuration
)
Package xcolor Info: Driver file: pdftex.def on input line 274.

(c:/texlive/2025/texmf-dist/tex/latex/graphics-def/pdftex.def
File: pdftex.def 2025/09/29 v1.2d Graphics/color driver for pdftex
)
(c:/texlive/2025/texmf-dist/tex/latex/graphics/mathcolor.ltx)
Package xcolor Info: Model `cmy' substituted by `cmy0' on input line 1349.
Package xcolor Info: Model `hsb' substituted by `rgb' on input line 1353.
Package xcolor Info: Model `RGB' extended on input line 1365.
Package xcolor Info: Model `HTML' substituted by `rgb' on input line 1367.
Package xcolor Info: Model `Hsb' substituted by `hsb' on input line 1368.
Package xcolor Info: Model `tHsb' substituted by `hsb' on input line 1369.
Package xcolor Info: Model `HSB' substituted by `hsb' on input line 1370.
Package xcolor Info: Model `Gray' substituted by `gray' on input line 1371.
Package xcolor Info: Model `wave' substituted by `hsb' on input line 1372.
)
(c:/texlive/2025/texmf-dist/tex/latex/graphics/graphicx.sty
Package: graphicx 2024/12/31 v1.2e Enhanced LaTeX Graphics (DPC,SPQR)

(c:/texlive/2025/texmf-dist/tex/latex/graphics/graphics.sty
Package: graphics 2024/08/06 v1.4g Standard LaTeX Graphics (DPC,SPQR)

(c:/texlive/2025/texmf-dist/tex/latex/graphics/trig.sty
Package: trig 2023/12/02 v1.11 sin cos tan (DPC)
)
(c:/texlive/2025/texmf-dist/tex/latex/graphics-cfg/graphics.cfg
File: graphics.cfg 2016/06/04 v1.11 sample graphics configuration
)
Package graphics Info: Driver file: pdftex.def on input line 106.
)
\Gin@req@height=\dimen159
\Gin@req@width=\dimen160
)
(c:/texlive/2025/texmf-dist/tex/latex/diagbox/diagbox.sty
Package: diagbox 2020/02/09 v2.3 Making table heads with diagonal lines

(c:/texlive/2025/texmf-dist/tex/latex/pict2e/pict2e.sty
Package: pict2e 2020/09/30 v0.4b Improved picture commands (HjG,RN,JT)

(c:/texlive/2025/texmf-dist/tex/latex/pict2e/pict2e.cfg
File: pict2e.cfg 2016/02/05 v0.1u pict2e configuration for teTeX/TeXLive
)
Package pict2e Info: Driver file: pdftex.def on input line 112.
Package pict2e Info: Driver file for pict2e: p2e-pdftex.def on input line 114.

(c:/texlive/2025/texmf-dist/tex/latex/pict2e/p2e-pdftex.def
File: p2e-pdftex.def 2016/02/05 v0.1u Driver-dependant file (RN,HjG,JT)
)
\pIIe@GRAPH=\toks23
\@arclen=\dimen161
\@arcrad=\dimen162
\pIIe@tempdima=\dimen163
\pIIe@tempdimb=\dimen164
\pIIe@tempdimc=\dimen165
\pIIe@tempdimd=\dimen166
\pIIe@tempdime=\dimen167
\pIIe@tempdimf=\dimen168
)
(c:/texlive/2025/texmf-dist/tex/latex/tools/calc.sty
Package: calc 2025/03/01 v4.3b Infix arithmetic (KKT,FJ)
\calc@Acount=\count293
\calc@Bcount=\count294
\calc@Adimen=\dimen169
\calc@Bdimen=\dimen170
\calc@Askip=\skip66
\calc@Bskip=\skip67
LaTeX Info: Redefining \setlength on input line 86.
LaTeX Info: Redefining \addtolength on input line 87.
\calc@Ccount=\count295
\calc@Cskip=\skip68
)
(c:/texlive/2025/texmf-dist/tex/latex/tools/array.sty
Package: array 2025/09/25 v2.6n Tabular extension package (FMi)
\col@sep=\dimen171
\ar@mcellbox=\box56
\extrarowheight=\dimen172
\NC@list=\toks24
\extratabsurround=\skip69
\backup@length=\skip70
\ar@cellbox=\box57
)
\diagbox@boxa=\box58
\diagbox@boxb=\box59
\diagbox@boxm=\box60
\diagbox@wd=\dimen173
\diagbox@ht=\dimen174
\diagbox@insepl=\dimen175
\diagbox@insepr=\dimen176
\diagbox@outsepl=\dimen177
\diagbox@outsepr=\dimen178
)
(c:/texlive/2025/texmf-dist/tex/latex/tools/tabularx.sty
Package: tabularx 2023/12/11 v2.12a `tabularx' package (DPC)
\TX@col@width=\dimen179
\TX@old@table=\dimen180
\TX@old@col=\dimen181
\TX@target=\dimen182
\TX@delta=\dimen183
\TX@cols=\count296
\TX@ftn=\toks25
)
(c:/texlive/2025/texmf-dist/tex/latex/fancybox/fancybox.sty
Package: fancybox 2010/05/15 1.4

Style option: `fancybox' v1.4 <2010/05/15> (tvz)
\@fancybox=\box61
\shadowsize=\dimen184
\@Sbox=\box62
\do@VerbBox=\toks26
\the@fancyput=\toks27
\this@fancyput=\toks28
\EndVerbatimTokens=\toks29
\Verbatim@Outfile=\write3
\Verbatim@Infile=\read3
) (c:/texlive/2025/texmf-dist/tex/latex/enumitem/enumitem.sty
Package: enumitem 2025/02/06 v3.11 Customized lists
\labelindent=\skip71
\enit@outerparindent=\dimen185
\enit@toks=\toks30
\enit@inbox=\box63
\enit@count@id=\count297
\enitdp@description=\count298
)
(c:/texlive/2025/texmf-dist/tex/latex/pgf/frontendlayer/tikz.sty
(c:/texlive/2025/texmf-dist/tex/latex/pgf/basiclayer/pgf.sty
(c:/texlive/2025/texmf-dist/tex/latex/pgf/utilities/pgfrcs.sty
(c:/texlive/2025/texmf-dist/tex/generic/pgf/utilities/pgfutil-common.tex
\pgfutil@everybye=\toks31
\pgfutil@tempdima=\dimen186
\pgfutil@tempdimb=\dimen187
)
(c:/texlive/2025/texmf-dist/tex/generic/pgf/utilities/pgfutil-latex.def
\pgfutil@abb=\box64
)
(c:/texlive/2025/texmf-dist/tex/generic/pgf/utilities/pgfrcs.code.tex
(c:/texlive/2025/texmf-dist/tex/generic/pgf/pgf.revision.tex)
Package: pgfrcs 2025-08-29 v3.1.11a (3.1.11a)
))
Package: pgf 2025-08-29 v3.1.11a (3.1.11a)

(c:/texlive/2025/texmf-dist/tex/latex/pgf/basiclayer/pgfcore.sty
(c:/texlive/2025/texmf-dist/tex/latex/pgf/systemlayer/pgfsys.sty
(c:/texlive/2025/texmf-dist/tex/generic/pgf/systemlayer/pgfsys.code.tex
Package: pgfsys 2025-08-29 v3.1.11a (3.1.11a)

(c:/texlive/2025/texmf-dist/tex/generic/pgf/utilities/pgfkeys.code.tex
\pgfkeys@pathtoks=\toks32
\pgfkeys@temptoks=\toks33

(c:/texlive/2025/texmf-dist/tex/generic/pgf/utilities/pgfkeyslibraryfiltered.co
de.tex
\pgfkeys@tmptoks=\toks34
))
\pgf@x=\dimen188
\pgf@y=\dimen189
\pgf@xa=\dimen190
\pgf@ya=\dimen191
\pgf@xb=\dimen192
\pgf@yb=\dimen193
\pgf@xc=\dimen194
\pgf@yc=\dimen195
\pgf@xd=\dimen196
\pgf@yd=\dimen197
\w@pgf@writea=\write4
\r@pgf@reada=\read4
\c@pgf@counta=\count299
\c@pgf@countb=\count300
\c@pgf@countc=\count301
\c@pgf@countd=\count302
\t@pgf@toka=\toks35
\t@pgf@tokb=\toks36
\t@pgf@tokc=\toks37
\pgf@sys@id@count=\count303
 (c:/texlive/2025/texmf-dist/tex/generic/pgf/systemlayer/pgf.cfg
File: pgf.cfg 2025-08-29 v3.1.11a (3.1.11a)
)
Driver file for pgf: pgfsys-pdftex.def

(c:/texlive/2025/texmf-dist/tex/generic/pgf/systemlayer/pgfsys-pdftex.def
File: pgfsys-pdftex.def 2025-08-29 v3.1.11a (3.1.11a)

(c:/texlive/2025/texmf-dist/tex/generic/pgf/systemlayer/pgfsys-common-pdf.def
File: pgfsys-common-pdf.def 2025-08-29 v3.1.11a (3.1.11a)
)))
(c:/texlive/2025/texmf-dist/tex/generic/pgf/systemlayer/pgfsyssoftpath.code.tex
File: pgfsyssoftpath.code.tex 2025-08-29 v3.1.11a (3.1.11a)
\pgfsyssoftpath@smallbuffer@items=\count304
\pgfsyssoftpath@bigbuffer@items=\count305
)
(c:/texlive/2025/texmf-dist/tex/generic/pgf/systemlayer/pgfsysprotocol.code.tex
File: pgfsysprotocol.code.tex 2025-08-29 v3.1.11a (3.1.11a)
)) (c:/texlive/2025/texmf-dist/tex/generic/pgf/basiclayer/pgfcore.code.tex
Package: pgfcore 2025-08-29 v3.1.11a (3.1.11a)

(c:/texlive/2025/texmf-dist/tex/generic/pgf/math/pgfmath.code.tex
(c:/texlive/2025/texmf-dist/tex/generic/pgf/math/pgfmathutil.code.tex)
(c:/texlive/2025/texmf-dist/tex/generic/pgf/math/pgfmathparser.code.tex
\pgfmath@dimen=\dimen198
\pgfmath@count=\count306
\pgfmath@box=\box65
\pgfmath@toks=\toks38
\pgfmath@stack@operand=\toks39
\pgfmath@stack@operation=\toks40
)
(c:/texlive/2025/texmf-dist/tex/generic/pgf/math/pgfmathfunctions.code.tex)
(c:/texlive/2025/texmf-dist/tex/generic/pgf/math/pgfmathfunctions.basic.code.te
x)
(c:/texlive/2025/texmf-dist/tex/generic/pgf/math/pgfmathfunctions.trigonometric
.code.tex)
(c:/texlive/2025/texmf-dist/tex/generic/pgf/math/pgfmathfunctions.random.code.t
ex)
(c:/texlive/2025/texmf-dist/tex/generic/pgf/math/pgfmathfunctions.comparison.co
de.tex)
(c:/texlive/2025/texmf-dist/tex/generic/pgf/math/pgfmathfunctions.base.code.tex
)
(c:/texlive/2025/texmf-dist/tex/generic/pgf/math/pgfmathfunctions.round.code.te
x)
(c:/texlive/2025/texmf-dist/tex/generic/pgf/math/pgfmathfunctions.misc.code.tex
)
(c:/texlive/2025/texmf-dist/tex/generic/pgf/math/pgfmathfunctions.integerarithm
etics.code.tex)
(c:/texlive/2025/texmf-dist/tex/generic/pgf/math/pgfmathcalc.code.tex)
(c:/texlive/2025/texmf-dist/tex/generic/pgf/math/pgfmathfloat.code.tex
\c@pgfmathroundto@lastzeros=\count307
))
(c:/texlive/2025/texmf-dist/tex/generic/pgf/math/pgfint.code.tex)
(c:/texlive/2025/texmf-dist/tex/generic/pgf/basiclayer/pgfcorepoints.code.tex
File: pgfcorepoints.code.tex 2025-08-29 v3.1.11a (3.1.11a)
\pgf@picminx=\dimen199
\pgf@picmaxx=\dimen256
\pgf@picminy=\dimen257
\pgf@picmaxy=\dimen258
\pgf@pathminx=\dimen259
\pgf@pathmaxx=\dimen260
\pgf@pathminy=\dimen261
\pgf@pathmaxy=\dimen262
\pgf@xx=\dimen263
\pgf@xy=\dimen264
\pgf@yx=\dimen265
\pgf@yy=\dimen266
\pgf@zx=\dimen267
\pgf@zy=\dimen268
)
(c:/texlive/2025/texmf-dist/tex/generic/pgf/basiclayer/pgfcorepathconstruct.cod
e.tex
File: pgfcorepathconstruct.code.tex 2025-08-29 v3.1.11a (3.1.11a)
\pgf@path@lastx=\dimen269
\pgf@path@lasty=\dimen270
)
(c:/texlive/2025/texmf-dist/tex/generic/pgf/basiclayer/pgfcorepathusage.code.te
x
File: pgfcorepathusage.code.tex 2025-08-29 v3.1.11a (3.1.11a)
\pgf@shorten@end@additional=\dimen271
\pgf@shorten@start@additional=\dimen272
)
(c:/texlive/2025/texmf-dist/tex/generic/pgf/basiclayer/pgfcorescopes.code.tex
File: pgfcorescopes.code.tex 2025-08-29 v3.1.11a (3.1.11a)
\pgfpic=\box66
\pgf@hbox=\box67
\pgf@layerbox@main=\box68
\pgf@picture@serial@count=\count308
)
(c:/texlive/2025/texmf-dist/tex/generic/pgf/basiclayer/pgfcoregraphicstate.code
.tex
File: pgfcoregraphicstate.code.tex 2025-08-29 v3.1.11a (3.1.11a)
\pgflinewidth=\dimen273
)
(c:/texlive/2025/texmf-dist/tex/generic/pgf/basiclayer/pgfcoretransformations.c
ode.tex
File: pgfcoretransformations.code.tex 2025-08-29 v3.1.11a (3.1.11a)
\pgf@pt@x=\dimen274
\pgf@pt@y=\dimen275
\pgf@pt@temp=\dimen276
)
(c:/texlive/2025/texmf-dist/tex/generic/pgf/basiclayer/pgfcorequick.code.tex
File: pgfcorequick.code.tex 2025-08-29 v3.1.11a (3.1.11a)
)
(c:/texlive/2025/texmf-dist/tex/generic/pgf/basiclayer/pgfcoreobjects.code.tex
File: pgfcoreobjects.code.tex 2025-08-29 v3.1.11a (3.1.11a)
)
(c:/texlive/2025/texmf-dist/tex/generic/pgf/basiclayer/pgfcorepathprocessing.co
de.tex
File: pgfcorepathprocessing.code.tex 2025-08-29 v3.1.11a (3.1.11a)
)
(c:/texlive/2025/texmf-dist/tex/generic/pgf/basiclayer/pgfcorearrows.code.tex
File: pgfcorearrows.code.tex 2025-08-29 v3.1.11a (3.1.11a)
\pgfarrowsep=\dimen277
)
(c:/texlive/2025/texmf-dist/tex/generic/pgf/basiclayer/pgfcoreshade.code.tex
File: pgfcoreshade.code.tex 2025-08-29 v3.1.11a (3.1.11a)
\pgf@max=\dimen278
\pgf@sys@shading@range@num=\count309
\pgf@shadingcount=\count310
)
(c:/texlive/2025/texmf-dist/tex/generic/pgf/basiclayer/pgfcoreimage.code.tex
File: pgfcoreimage.code.tex 2025-08-29 v3.1.11a (3.1.11a)
)
(c:/texlive/2025/texmf-dist/tex/generic/pgf/basiclayer/pgfcoreexternal.code.tex
File: pgfcoreexternal.code.tex 2025-08-29 v3.1.11a (3.1.11a)
\pgfexternal@startupbox=\box69
) (c:/texlive/2025/texmf-dist/tex/generic/pgf/basiclayer/pgfcorelayers.code.tex
File: pgfcorelayers.code.tex 2025-08-29 v3.1.11a (3.1.11a)
)
(c:/texlive/2025/texmf-dist/tex/generic/pgf/basiclayer/pgfcoretransparency.code
.tex
File: pgfcoretransparency.code.tex 2025-08-29 v3.1.11a (3.1.11a)
)
(c:/texlive/2025/texmf-dist/tex/generic/pgf/basiclayer/pgfcorepatterns.code.tex
File: pgfcorepatterns.code.tex 2025-08-29 v3.1.11a (3.1.11a)
) (c:/texlive/2025/texmf-dist/tex/generic/pgf/basiclayer/pgfcorerdf.code.tex
File: pgfcorerdf.code.tex 2025-08-29 v3.1.11a (3.1.11a)
))) (c:/texlive/2025/texmf-dist/tex/generic/pgf/modules/pgfmoduleshapes.code.te
x
File: pgfmoduleshapes.code.tex 2025-08-29 v3.1.11a (3.1.11a)
\pgfnodeparttextbox=\box70
)
(c:/texlive/2025/texmf-dist/tex/generic/pgf/modules/pgfmoduleplot.code.tex
File: pgfmoduleplot.code.tex 2025-08-29 v3.1.11a (3.1.11a)
)
(c:/texlive/2025/texmf-dist/tex/latex/pgf/compatibility/pgfcomp-version-0-65.st
y
Package: pgfcomp-version-0-65 2025-08-29 v3.1.11a (3.1.11a)
\pgf@nodesepstart=\dimen279
\pgf@nodesepend=\dimen280
)
(c:/texlive/2025/texmf-dist/tex/latex/pgf/compatibility/pgfcomp-version-1-18.st
y
Package: pgfcomp-version-1-18 2025-08-29 v3.1.11a (3.1.11a)
)) (c:/texlive/2025/texmf-dist/tex/latex/pgf/utilities/pgffor.sty
(c:/texlive/2025/texmf-dist/tex/latex/pgf/utilities/pgfkeys.sty
(c:/texlive/2025/texmf-dist/tex/generic/pgf/utilities/pgfkeys.code.tex))
(c:/texlive/2025/texmf-dist/tex/latex/pgf/math/pgfmath.sty
(c:/texlive/2025/texmf-dist/tex/generic/pgf/math/pgfmath.code.tex))
(c:/texlive/2025/texmf-dist/tex/generic/pgf/utilities/pgffor.code.tex
Package: pgffor 2025-08-29 v3.1.11a (3.1.11a)
\pgffor@iter=\dimen281
\pgffor@skip=\dimen282
\pgffor@stack=\toks41
\pgffor@toks=\toks42
))
(c:/texlive/2025/texmf-dist/tex/generic/pgf/frontendlayer/tikz/tikz.code.tex
Package: tikz 2025-08-29 v3.1.11a (3.1.11a)

(c:/texlive/2025/texmf-dist/tex/generic/pgf/libraries/pgflibraryplothandlers.co
de.tex
File: pgflibraryplothandlers.code.tex 2025-08-29 v3.1.11a (3.1.11a)
\pgf@plot@mark@count=\count311
\pgfplotmarksize=\dimen283
)
\tikz@lastx=\dimen284
\tikz@lasty=\dimen285
\tikz@lastxsaved=\dimen286
\tikz@lastysaved=\dimen287
\tikz@lastmovetox=\dimen288
\tikz@lastmovetoy=\dimen289
\tikzleveldistance=\dimen290
\tikzsiblingdistance=\dimen291
\tikz@figbox=\box71
\tikz@figbox@bg=\box72
\tikz@tempbox=\box73
\tikz@tempbox@bg=\box74
\tikztreelevel=\count312
\tikznumberofchildren=\count313
\tikznumberofcurrentchild=\count314
\tikz@fig@count=\count315

(c:/texlive/2025/texmf-dist/tex/generic/pgf/modules/pgfmodulematrix.code.tex
File: pgfmodulematrix.code.tex 2025-08-29 v3.1.11a (3.1.11a)
\pgfmatrixcurrentrow=\count316
\pgfmatrixcurrentcolumn=\count317
\pgf@matrix@numberofcolumns=\count318
)
\tikz@expandcount=\count319

(c:/texlive/2025/texmf-dist/tex/generic/pgf/frontendlayer/tikz/libraries/tikzli
brarytopaths.code.tex
File: tikzlibrarytopaths.code.tex 2025-08-29 v3.1.11a (3.1.11a)
)))
(c:/texlive/2025/texmf-dist/tex/generic/pgf/frontendlayer/tikz/libraries/tikzli
brarybackgrounds.code.tex
File: tikzlibrarybackgrounds.code.tex 2025-08-29 v3.1.11a (3.1.11a)
\pgf@layerbox@background=\box75
\pgf@layerboxsaved@background=\box76
)
(c:/texlive/2025/texmf-dist/tex/generic/pgf/frontendlayer/tikz/libraries/tikzli
brarycalc.code.tex
File: tikzlibrarycalc.code.tex 2025-08-29 v3.1.11a (3.1.11a)
)
(c:/texlive/2025/texmf-dist/tex/generic/pgf/frontendlayer/tikz/libraries/tikzli
braryintersections.code.tex
(c:/texlive/2025/texmf-dist/tex/generic/pgf/libraries/pgflibraryintersections.c
ode.tex
(c:/texlive/2025/texmf-dist/tex/generic/pgf/libraries/pgflibraryfpu.code.tex)
\pgf@intersect@solutions=\count320
))
(c:/texlive/2025/texmf-dist/tex/latex/pgf/frontendlayer/libraries/tikzlibraryex
ternal.code.tex
(c:/texlive/2025/texmf-dist/tex/generic/pdftexcmds/pdftexcmds.sty
Package: pdftexcmds 2020-06-27 v0.33 Utility functions of pdfTeX for LuaTeX (HO
)

(c:/texlive/2025/texmf-dist/tex/generic/infwarerr/infwarerr.sty
Package: infwarerr 2019/12/03 v1.5 Providing info/warning/error messages (HO)
)
(c:/texlive/2025/texmf-dist/tex/generic/ltxcmds/ltxcmds.sty
Package: ltxcmds 2023-12-04 v1.26 LaTeX kernel commands for general use (HO)
)
Package pdftexcmds Info: \pdf@primitive is available.
Package pdftexcmds Info: \pdf@ifprimitive is available.
Package pdftexcmds Info: \pdfdraftmode found.
)
(c:/texlive/2025/texmf-dist/tex/latex/base/atveryend-ltx.sty
Package: atveryend-ltx 2020/08/19 v1.0a Emulation of the original atveryend pac
kage
with kernel methods
)
(c:/texlive/2025/texmf-dist/tex/generic/pgf/frontendlayer/tikz/libraries/tikzex
ternalshared.code.tex))
(c:/texlive/2025/texmf-dist/tex/latex/tikz-3dplot/tikz-3dplot.sty
(c:/texlive/2025/texmf-dist/tex/latex/base/ifthen.sty
Package: ifthen 2024/03/16 v1.1e Standard LaTeX ifthen package (DPC)
)
(c:/texlive/2025/texmf-dist/tex/generic/pgf/frontendlayer/tikz/libraries/tikzli
brary3d.code.tex
File: tikzlibrary3d.code.tex 2025-08-29 v3.1.11a (3.1.11a)
)
(c:/texlive/2025/texmf-dist/tex/generic/pgf/frontendlayer/tikz/libraries/tikzli
braryarrows.code.tex
File: tikzlibraryarrows.code.tex 2025-08-29 v3.1.11a (3.1.11a)

(c:/texlive/2025/texmf-dist/tex/generic/pgf/libraries/pgflibraryarrows.code.tex
File: pgflibraryarrows.code.tex 2025-08-29 v3.1.11a (3.1.11a)
\arrowsize=\dimen292
))) (c:/texlive/2025/texmf-dist/tex/latex/amsmath/amsmath.sty
Package: amsmath 2025/07/09 v2.17z AMS math features
\@mathmargin=\skip72

For additional information on amsmath, use the `?' option.
(c:/texlive/2025/texmf-dist/tex/latex/amsmath/amstext.sty
Package: amstext 2024/11/17 v2.01 AMS text

(c:/texlive/2025/texmf-dist/tex/latex/amsmath/amsgen.sty
File: amsgen.sty 1999/11/30 v2.0 generic functions
\@emptytoks=\toks43
\ex@=\dimen293
))
(c:/texlive/2025/texmf-dist/tex/latex/amsmath/amsbsy.sty
Package: amsbsy 1999/11/29 v1.2d Bold Symbols
\pmbraise@=\dimen294
)
(c:/texlive/2025/texmf-dist/tex/latex/amsmath/amsopn.sty
Package: amsopn 2022/04/08 v2.04 operator names
)
\inf@bad=\count321
LaTeX Info: Redefining \frac on input line 233.
\uproot@=\count322
\leftroot@=\count323
LaTeX Info: Redefining \overline on input line 398.
LaTeX Info: Redefining \colon on input line 409.
\classnum@=\count324
\DOTSCASE@=\count325
LaTeX Info: Redefining \ldots on input line 495.
LaTeX Info: Redefining \dots on input line 498.
LaTeX Info: Redefining \cdots on input line 619.
\Mathstrutbox@=\box77
\strutbox@=\box78
LaTeX Info: Redefining \big on input line 721.
LaTeX Info: Redefining \Big on input line 722.
LaTeX Info: Redefining \bigg on input line 723.
LaTeX Info: Redefining \Bigg on input line 724.
\big@size=\dimen295
LaTeX Font Info:    Redeclaring font encoding OML on input line 742.
LaTeX Font Info:    Redeclaring font encoding OMS on input line 743.
\macc@depth=\count326
LaTeX Info: Redefining \bmod on input line 904.
LaTeX Info: Redefining \pmod on input line 909.
LaTeX Info: Redefining \smash on input line 939.
LaTeX Info: Redefining \relbar on input line 969.
LaTeX Info: Redefining \Relbar on input line 970.
\c@MaxMatrixCols=\count327
\dotsspace@=\muskip18
\c@parentequation=\count328
\dspbrk@lvl=\count329
\tag@help=\toks44
\row@=\count330
\column@=\count331
\maxfields@=\count332
\andhelp@=\toks45
\eqnshift@=\dimen296
\alignsep@=\dimen297
\tagshift@=\dimen298
\tagwidth@=\dimen299
\totwidth@=\dimen300
\lineht@=\dimen301
\@envbody=\toks46
\multlinegap=\skip73
\multlinetaggap=\skip74
\mathdisplay@stack=\toks47
LaTeX Info: Redefining \[ on input line 2950.
LaTeX Info: Redefining \] on input line 2951.
)
(c:/texlive/2025/texmf-dist/tex/latex/amsfonts/amsfonts.sty
Package: amsfonts 2013/01/14 v3.01 Basic AMSFonts support
\symAMSa=\mathgroup4
\symAMSb=\mathgroup5
LaTeX Font Info:    Redeclaring math symbol \hbar on input line 98.
LaTeX Font Info:    Overwriting math alphabet `\mathfrak' in version `bold'
(Font)                  U/euf/m/n --> U/euf/b/n on input line 106.
)
(c:/texlive/2025/texmf-dist/tex/latex/amsfonts/amssymb.sty
Package: amssymb 2013/01/14 v3.01 AMS font symbols
)
(c:/texlive/2025/texmf-dist/tex/latex/mathtools/mathtools.sty
Package: mathtools 2024/10/04 v1.31 mathematical typesetting tools

(c:/texlive/2025/texmf-dist/tex/latex/mathtools/mhsetup.sty
Package: mhsetup 2021/03/18 v1.4 programming setup (MH)
)
\g_MT_multlinerow_int=\count333
\l_MT_multwidth_dim=\dimen302
\origjot=\skip75
\l_MT_shortvdotswithinadjustabove_dim=\dimen303
\l_MT_shortvdotswithinadjustbelow_dim=\dimen304
\l_MT_above_intertext_sep=\dimen305
\l_MT_below_intertext_sep=\dimen306
\l_MT_above_shortintertext_sep=\dimen307
\l_MT_below_shortintertext_sep=\dimen308
\xmathstrut@box=\box79
\xmathstrut@dim=\dimen309
)
(c:/texlive/2025/texmf-dist/tex/latex/doublestroke/dsfont.sty
Package: dsfont 1995/08/01 v0.1 Double stroke roman fonts
)
(c:/texlive/2025/texmf-dist/tex/latex/units/nicefrac.sty
Package: nicefrac 1998/08/04 v0.9b Nice fractions
\L@UnitsRaiseDisplaystyle=\skip76
\L@UnitsRaiseTextstyle=\skip77
\L@UnitsRaiseScriptstyle=\skip78
)
(c:/texlive/2025/texmf-dist/tex/latex/was/icomma.sty
Package: icomma 2002/03/10 v2.0 (WaS)
)
(c:/texlive/2025/texmf-dist/tex/latex/extarrows/extarrows.sty
Package: extarrows 2020/03/12 v1.2.0 Some extensible arrows
)
(c:/texlive/2025/texmf-dist/tex/latex/was/upgreek.sty
Package: upgreek 2003/02/12 v2.0 (WaS)
Package upgreek Info: Using Euler Roman for upright Greek on input line 31.
\symugrf@m=\mathgroup6
LaTeX Font Info:    Overwriting symbol font `ugrf@m' in version `bold'
(Font)                  U/eur/m/n --> U/eur/b/n on input line 38.
)
(c:/texlive/2025/texmf-dist/tex/latex/esvect/esvect.sty
Package: esvect 
\symesvector=\mathgroup7
))
(c:/texlive/2025/texmf-dist/tex/latex/l3backend/l3backend-pdftex.def
File: l3backend-pdftex.def 2025-10-09 L3 backend support: PDF output (pdfTeX)
\l__color_backend_stack_int=\count334
)
(./Karteikarten_Akademus.aux
Package babel Info: 'ngerman' activates 'ngerman' shorthands.
(babel)             Reported on input line 6.
)
\openout1 = `Karteikarten_Akademus.aux'.

LaTeX Font Info:    Checking defaults for OML/cmm/m/it on input line 4.
LaTeX Font Info:    ... okay on input line 4.
LaTeX Font Info:    Checking defaults for OMS/cmsy/m/n on input line 4.
LaTeX Font Info:    ... okay on input line 4.
LaTeX Font Info:    Checking defaults for OT1/cmr/m/n on input line 4.
LaTeX Font Info:    ... okay on input line 4.
LaTeX Font Info:    Checking defaults for T1/cmr/m/n on input line 4.
LaTeX Font Info:    ... okay on input line 4.
LaTeX Font Info:    Checking defaults for TS1/cmr/m/n on input line 4.
LaTeX Font Info:    ... okay on input line 4.
LaTeX Font Info:    Checking defaults for OMX/cmex/m/n on input line 4.
LaTeX Font Info:    ... okay on input line 4.
LaTeX Font Info:    Checking defaults for U/cmr/m/n on input line 4.
LaTeX Font Info:    ... okay on input line 4.
LaTeX Info: Redefining \microtypecontext on input line 4.
Package microtype Info: Applying patch `item' on input line 4.
Package microtype Info: Applying patch `toc' on input line 4.
Package microtype Info: Applying patch `eqnum' on input line 4.
Package microtype Info: Applying patch `footnote' on input line 4.
Package microtype Info: Applying patch `verbatim' on input line 4.
LaTeX Info: Redefining \microtypesetup on input line 4.
Package microtype Info: Generating PDF output.
Package microtype Info: Character protrusion enabled (level 2).
Package microtype Info: Using default protrusion set `alltext'.
Package microtype Info: Automatic font expansion enabled (level 2),
(microtype)             stretch: 20, shrink: 20, step: 1, non-selected.
Package microtype Info: Using default expansion set `alltext-nott'.
Package microtype Info: Patching command `\showhyphens'.
Package microtype Info: No adjustment of tracking.
Package microtype Info: No adjustment of interword spacing.
Package microtype Info: No adjustment of character kerning.
Package microtype Info: Loading generic protrusion settings for font family
(microtype)             `cmbr' (encoding: T1).
(microtype)             For optimal results, create family-specific settings.
(microtype)             See the microtype manual for details.

*geometry* driver: auto-detecting
*geometry* detected driver: pdftex
*geometry* verbose mode - [ preamble ] result:
* driver: pdftex
* paper: <default>
* layout: <same size as paper>
* layoutoffset:(h,v)=(0.0pt,0.0pt)
* modes: landscape twoside 
* h-part:(L,W,R)=(28.45274pt, 364.19534pt, 28.45274pt)
* v-part:(T,H,B)=(28.45274pt, 213.39572pt, 56.9055pt)
* \paperwidth=421.10083pt
* \paperheight=298.75397pt
* \textwidth=364.19534pt
* \textheight=213.39572pt
* \oddsidemargin=-43.81725pt
* \evensidemargin=-43.81725pt
* \topmargin=-83.69225pt
* \headheight=18.125pt
* \headsep=21.75pt
* \topskip=12.0pt
* \footskip=50.75pt
* \marginparwidth=105.2752pt
* \marginparsep=12.8401pt
* \columnsep=10.0pt
* \skip\footins=10.8pt plus 4.0pt minus 2.0pt
* \hoffset=0.0pt
* \voffset=0.0pt
* \mag=1000
* \@twocolumnfalse
* \@twosidetrue
* \@mparswitchtrue
* \@reversemarginfalse
* (1in=72.27pt=25.4mm, 1cm=28.453pt)

(c:/texlive/2025/texmf-dist/tex/context/base/mkii/supp-pdf.mkii
[Loading MPS to PDF converter (version 2006.09.02).]
\scratchcounter=\count335
\scratchdimen=\dimen310
\scratchbox=\box80
\nofMPsegments=\count336
\nofMParguments=\count337
\everyMPshowfont=\toks48
\MPscratchCnt=\count338
\MPscratchDim=\dimen311
\MPnumerator=\count339
\makeMPintoPDFobject=\count340
\everyMPtoPDFconversion=\toks49
) (c:/texlive/2025/texmf-dist/tex/latex/epstopdf-pkg/epstopdf-base.sty
Package: epstopdf-base 2020-01-24 v2.11 Base part for package epstopdf
Package epstopdf-base Info: Redefining graphics rule for `.eps' on input line 4
85.

(c:/texlive/2025/texmf-dist/tex/latex/latexconfig/epstopdf-sys.cfg
File: epstopdf-sys.cfg 2010/07/13 v1.3 Configuration of (r)epstopdf for TeX Liv
e
))
LaTeX Font Info:    Trying to load font information for OT1+cmbr on input line 
13.

(c:/texlive/2025/texmf-dist/tex/latex/cmbright/ot1cmbr.fd
File: ot1cmbr.fd 2005/04/13 v8.1 (WaS)
)
Package microtype Info: Loading generic protrusion settings for font family
(microtype)             `cmbr' (encoding: OT1).
(microtype)             For optimal results, create family-specific settings.
(microtype)             See the microtype manual for details.
LaTeX Font Info:    Trying to load font information for OML+cmbrm on input line
 13.

(c:/texlive/2025/texmf-dist/tex/latex/cmbright/omlcmbrm.fd
File: omlcmbrm.fd 2005/04/13 v8.1 (WaS)
)
LaTeX Font Info:    Trying to load font information for OMS+cmbrs on input line
 13.

(c:/texlive/2025/texmf-dist/tex/latex/cmbright/omscmbrs.fd
File: omscmbrs.fd 2005/04/13 v8.1 (WaS)
)
LaTeX Font Info:    Trying to load font information for OMX+lmex on input line 
13.

(c:/texlive/2025/texmf-dist/tex/latex/lm/omxlmex.fd
File: omxlmex.fd 2015/05/01 v1.6.1 Font defs for Latin Modern
)
LaTeX Font Info:    External font `lmex10' loaded for size
(Font)              <14.4> on input line 13.
LaTeX Font Info:    External font `lmex10' loaded for size
(Font)              <10> on input line 13.
LaTeX Font Info:    External font `lmex10' loaded for size
(Font)              <7> on input line 13.

(c:/texlive/2025/texmf-dist/tex/latex/microtype/mt-msa.cfg
File: mt-msa.cfg 2006/02/04 v1.1 microtype config. file: AMS symbols (a) (RS)
)
(c:/texlive/2025/texmf-dist/tex/latex/microtype/mt-msb.cfg
File: mt-msb.cfg 2005/06/01 v1.0 microtype config. file: AMS symbols (b) (RS)
)
(c:/texlive/2025/texmf-dist/tex/latex/microtype/mt-eur.cfg
File: mt-eur.cfg 2006/07/31 v1.1 microtype config. file: AMS Euler Roman (RS)
)
LaTeX Font Info:    Trying to load font information for U+esvect on input line 
13.

(c:/texlive/2025/texmf-dist/tex/latex/esvect/uesvect.fd
File: uesvect.fd 
)
LaTeX Font Info:    Trying to load font information for TS1+cmbr on input line 
13.

(c:/texlive/2025/texmf-dist/tex/latex/cmbright/ts1cmbr.fd
File: ts1cmbr.fd 2005/04/13 v8.1 (WaS)
)
Package microtype Info: Loading generic protrusion settings for font family
(microtype)             `cmbr' (encoding: TS1).
(microtype)             For optimal results, create family-specific settings.
(microtype)             See the microtype manual for details.
LaTeX Font Info:    External font `lmex10' loaded for size
(Font)              <12> on input line 14.
LaTeX Font Info:    External font `lmex10' loaded for size
(Font)              <8> on input line 14.
LaTeX Font Info:    External font `lmex10' loaded for size
(Font)              <6> on input line 14.

Overfull \hbox (12.59988pt too wide) in paragraph at lines 5--14
[]$[]$ 
 []

<Hintergrund1.png, id=4, 421.0932pt x 298.716pt>
File: Hintergrund1.png Graphic file (type png)
<use Hintergrund1.png>
Package pdftex.def Info: Hintergrund1.png  used on input line 15.
(pdftex.def)             Requested size: 421.12428pt x 298.77907pt.
[1


{c:/texlive/2025/texmf-var/fonts/map/pdftex/updmap/pdftex.map}{c:/texlive/2025/
texmf-dist/fonts/enc/dvips/cm-super/cm-super-t1.enc}{c:/texlive/2025/texmf-dist
/fonts/enc/dvips/cm-super/cm-super-ts1.enc} <./Hintergrund1.png (PNG copy)>]
Overfull \hbox (12.59988pt too wide) in paragraph at lines 15--17
[]$[]$ 
 []

<Karteikarten Rückseite.png, id=13, 421.0932pt x 298.716pt>
File: Karteikarten Rückseite.png Graphic file (type png)
<use Karteikarten Rückseite.png>
Package pdftex.def Info: Karteikarten Rückseite.png  used on input line 18.
(pdftex.def)             Requested size: 421.12428pt x 298.77907pt.
[2

 <./Karteikarten Rückseite.png (PNG copy)>]
Overfull \hbox (12.59988pt too wide) in paragraph at lines 18--21
[]$[]$ 
 []

File: Hintergrund1.png Graphic file (type png)
<use Hintergrund1.png>
Package pdftex.def Info: Hintergrund1.png  used on input line 22.
(pdftex.def)             Requested size: 421.12428pt x 298.77907pt.
[3

]
LaTeX Font Info:    External font `lmex10' loaded for size
(Font)              <17.28> on input line 24.

Overfull \hbox (12.59988pt too wide) in paragraph at lines 22--27
[]$[]$ 
 []

File: Karteikarten Rückseite.png Graphic file (type png)
<use Karteikarten Rückseite.png>
Package pdftex.def Info: Karteikarten Rückseite.png  used on input line 28.
(pdftex.def)             Requested size: 421.12428pt x 298.77907pt.
[4

]
LaTeX Font Info:    External font `lmex10' loaded for size
(Font)              <24.88> on input line 31.
LaTeX Font Info:    External font `lmex10' loaded for size
(Font)              <20.74> on input line 31.

Overfull \hbox (12.59988pt too wide) in paragraph at lines 28--33
[]$[]$ 
 []

File: Hintergrund1.png Graphic file (type png)
<use Hintergrund1.png>
Package pdftex.def Info: Hintergrund1.png  used on input line 34.
(pdftex.def)             Requested size: 421.12428pt x 298.77907pt.
[5

]
Overfull \hbox (12.59988pt too wide) in paragraph at lines 34--45
[]$[]$ 
 []

File: Karteikarten Rückseite.png Graphic file (type png)
<use Karteikarten Rückseite.png>
Package pdftex.def Info: Karteikarten Rückseite.png  used on input line 46.
(pdftex.def)             Requested size: 421.12428pt x 298.77907pt.
[6

]
Overfull \hbox (12.59988pt too wide) in paragraph at lines 46--51
[]$[]$ 
 []

File: Hintergrund1.png Graphic file (type png)
<use Hintergrund1.png>
Package pdftex.def Info: Hintergrund1.png  used on input line 52.
(pdftex.def)             Requested size: 421.12428pt x 298.77907pt.
[7

]
Overfull \hbox (12.59988pt too wide) in paragraph at lines 52--67
[]$[]$ 
 []

File: Karteikarten Rückseite.png Graphic file (type png)
<use Karteikarten Rückseite.png>
Package pdftex.def Info: Karteikarten Rückseite.png  used on input line 68.
(pdftex.def)             Requested size: 421.12428pt x 298.77907pt.
[8

{c:/texlive/2025/texmf-dist/fonts/enc/dvips/lm/lm-mathex.enc}]
Overfull \hbox (12.59988pt too wide) in paragraph at lines 68--73
[]$[]$ 
 []

File: Hintergrund1.png Graphic file (type png)
<use Hintergrund1.png>
Package pdftex.def Info: Hintergrund1.png  used on input line 74.
(pdftex.def)             Requested size: 421.12428pt x 298.77907pt.
[9

]
Overfull \hbox (12.59988pt too wide) in paragraph at lines 74--86
[]$[]$ 
 []

File: Karteikarten Rückseite.png Graphic file (type png)
<use Karteikarten Rückseite.png>
Package pdftex.def Info: Karteikarten Rückseite.png  used on input line 87.
(pdftex.def)             Requested size: 421.12428pt x 298.77907pt.
[10

]
Overfull \hbox (12.59988pt too wide) in paragraph at lines 87--92
[]$[]$ 
 []

File: Hintergrund1.png Graphic file (type png)
<use Hintergrund1.png>
Package pdftex.def Info: Hintergrund1.png  used on input line 93.
(pdftex.def)             Requested size: 421.12428pt x 298.77907pt.
[11

]
Overfull \hbox (12.59988pt too wide) in paragraph at lines 93--101
[]$[]$ 
 []

File: Karteikarten Rückseite.png Graphic file (type png)
<use Karteikarten Rückseite.png>
Package pdftex.def Info: Karteikarten Rückseite.png  used on input line 102.
(pdftex.def)             Requested size: 421.12428pt x 298.77907pt.
[12

]
Overfull \hbox (12.59988pt too wide) in paragraph at lines 102--107
[]$[]$ 
 []

File: Hintergrund1.png Graphic file (type png)
<use Hintergrund1.png>
Package pdftex.def Info: Hintergrund1.png  used on input line 108.
(pdftex.def)             Requested size: 421.12428pt x 298.77907pt.
[13

]
Overfull \hbox (12.59988pt too wide) in paragraph at lines 108--120
[]$[]$ 
 []

File: Karteikarten Rückseite.png Graphic file (type png)
<use Karteikarten Rückseite.png>
Package pdftex.def Info: Karteikarten Rückseite.png  used on input line 121.
(pdftex.def)             Requested size: 421.12428pt x 298.77907pt.
[14

]
Overfull \hbox (12.59988pt too wide) in paragraph at lines 121--126
[]$[]$ 
 []

File: Hintergrund1.png Graphic file (type png)
<use Hintergrund1.png>
Package pdftex.def Info: Hintergrund1.png  used on input line 127.
(pdftex.def)             Requested size: 421.12428pt x 298.77907pt.
[15

]
Overfull \hbox (12.59988pt too wide) in paragraph at lines 127--135
[]$[]$ 
 []

File: Karteikarten Rückseite.png Graphic file (type png)
<use Karteikarten Rückseite.png>
Package pdftex.def Info: Karteikarten Rückseite.png  used on input line 136.
(pdftex.def)             Requested size: 421.12428pt x 298.77907pt.
[16

]
Overfull \hbox (12.59988pt too wide) in paragraph at lines 136--138
[]$[]$ 
 []

File: Hintergrund1.png Graphic file (type png)
<use Hintergrund1.png>
Package pdftex.def Info: Hintergrund1.png  used on input line 139.
(pdftex.def)             Requested size: 421.12428pt x 298.77907pt.
[17

]
Overfull \hbox (12.59988pt too wide) in paragraph at lines 139--145
[]$[]$ 
 []

File: Karteikarten Rückseite.png Graphic file (type png)
<use Karteikarten Rückseite.png>
Package pdftex.def Info: Karteikarten Rückseite.png  used on input line 146.
(pdftex.def)             Requested size: 421.12428pt x 298.77907pt.
[18

]
Overfull \hbox (12.59988pt too wide) in paragraph at lines 146--153
[]$[]$ 
 []

File: Hintergrund1.png Graphic file (type png)
<use Hintergrund1.png>
Package pdftex.def Info: Hintergrund1.png  used on input line 154.
(pdftex.def)             Requested size: 421.12428pt x 298.77907pt.
[19

]
Overfull \hbox (12.59988pt too wide) in paragraph at lines 154--160
[]$[]$ 
 []

File: Karteikarten Rückseite.png Graphic file (type png)
<use Karteikarten Rückseite.png>
Package pdftex.def Info: Karteikarten Rückseite.png  used on input line 161.
(pdftex.def)             Requested size: 421.12428pt x 298.77907pt.
[20

]
Overfull \hbox (12.59988pt too wide) in paragraph at lines 161--163
[]$[]$ 
 []

File: Hintergrund1.png Graphic file (type png)
<use Hintergrund1.png>
Package pdftex.def Info: Hintergrund1.png  used on input line 164.
(pdftex.def)             Requested size: 421.12428pt x 298.77907pt.
[21

]
Overfull \hbox (12.59988pt too wide) in paragraph at lines 164--170
[]$[]$ 
 []

File: Karteikarten Rückseite.png Graphic file (type png)
<use Karteikarten Rückseite.png>
Package pdftex.def Info: Karteikarten Rückseite.png  used on input line 171.
(pdftex.def)             Requested size: 421.12428pt x 298.77907pt.
[22

]
Overfull \hbox (12.59988pt too wide) in paragraph at lines 171--173
[]$[]$ 
 []

File: Hintergrund1.png Graphic file (type png)
<use Hintergrund1.png>
Package pdftex.def Info: Hintergrund1.png  used on input line 174.
(pdftex.def)             Requested size: 421.12428pt x 298.77907pt.
[23

]
Overfull \hbox (12.59988pt too wide) in paragraph at lines 174--180
[]$[]$ 
 []

File: Karteikarten Rückseite.png Graphic file (type png)
<use Karteikarten Rückseite.png>
Package pdftex.def Info: Karteikarten Rückseite.png  used on input line 181.
(pdftex.def)             Requested size: 421.12428pt x 298.77907pt.
[24

]
Overfull \hbox (12.59988pt too wide) in paragraph at lines 181--183
[]$[]$ 
 []

File: Hintergrund1.png Graphic file (type png)
<use Hintergrund1.png>
Package pdftex.def Info: Hintergrund1.png  used on input line 184.
(pdftex.def)             Requested size: 421.12428pt x 298.77907pt.
[25

]
Overfull \hbox (12.59988pt too wide) in paragraph at lines 184--189
[]$[]$ 
 []

File: Karteikarten Rückseite.png Graphic file (type png)
<use Karteikarten Rückseite.png>
Package pdftex.def Info: Karteikarten Rückseite.png  used on input line 190.
(pdftex.def)             Requested size: 421.12428pt x 298.77907pt.
[26

]
Overfull \hbox (12.59988pt too wide) in paragraph at lines 190--192
[]$[]$ 
 []

File: Hintergrund1.png Graphic file (type png)
<use Hintergrund1.png>
Package pdftex.def Info: Hintergrund1.png  used on input line 193.
(pdftex.def)             Requested size: 421.12428pt x 298.77907pt.
[27

]
Overfull \hbox (12.59988pt too wide) in paragraph at lines 193--195
[]$[]$ 
 []

File: Karteikarten Rückseite.png Graphic file (type png)
<use Karteikarten Rückseite.png>
Package pdftex.def Info: Karteikarten Rückseite.png  used on input line 196.
(pdftex.def)             Requested size: 421.12428pt x 298.77907pt.
[28

]
Overfull \hbox (12.59988pt too wide) in paragraph at lines 196--198
[]$[]$ 
 []

File: Hintergrund1.png Graphic file (type png)
<use Hintergrund1.png>
Package pdftex.def Info: Hintergrund1.png  used on input line 199.
(pdftex.def)             Requested size: 421.12428pt x 298.77907pt.
[29

]
Overfull \hbox (12.59988pt too wide) in paragraph at lines 199--201
[]$[]$ 
 []

File: Karteikarten Rückseite.png Graphic file (type png)
<use Karteikarten Rückseite.png>
Package pdftex.def Info: Karteikarten Rückseite.png  used on input line 202.
(pdftex.def)             Requested size: 421.12428pt x 298.77907pt.
[30

]
Overfull \hbox (12.59988pt too wide) in paragraph at lines 202--204
[]$[]$ 
 []

File: Hintergrund1.png Graphic file (type png)
<use Hintergrund1.png>
Package pdftex.def Info: Hintergrund1.png  used on input line 205.
(pdftex.def)             Requested size: 421.12428pt x 298.77907pt.
[31

]
Overfull \hbox (12.59988pt too wide) in paragraph at lines 205--210
[]$[]$ 
 []

File: Karteikarten Rückseite.png Graphic file (type png)
<use Karteikarten Rückseite.png>
Package pdftex.def Info: Karteikarten Rückseite.png  used on input line 211.
(pdftex.def)             Requested size: 421.12428pt x 298.77907pt.
[32

]
Overfull \hbox (12.59988pt too wide) in paragraph at lines 211--213
[]$[]$ 
 []

File: Hintergrund1.png Graphic file (type png)
<use Hintergrund1.png>
Package pdftex.def Info: Hintergrund1.png  used on input line 214.
(pdftex.def)             Requested size: 421.12428pt x 298.77907pt.
[33

]
LaTeX Font Info:    Font shape `T1/cmbr/b/n' in size <17.28> not available
(Font)              Font shape `T1/cmbr/bx/n' tried instead on input line 218.

Overfull \hbox (12.59988pt too wide) in paragraph at lines 214--223
[]$[]$ 
 []

File: Karteikarten Rückseite.png Graphic file (type png)
<use Karteikarten Rückseite.png>
Package pdftex.def Info: Karteikarten Rückseite.png  used on input line 224.
(pdftex.def)             Requested size: 421.12428pt x 298.77907pt.
[34

]
Overfull \hbox (12.59988pt too wide) in paragraph at lines 224--227
[]$[]$ 
 []

File: Hintergrund1.png Graphic file (type png)
<use Hintergrund1.png>
Package pdftex.def Info: Hintergrund1.png  used on input line 228.
(pdftex.def)             Requested size: 421.12428pt x 298.77907pt.
[35

]
LaTeX Font Info:    Font shape `T1/cmbr/b/n' in size <14.4> not available
(Font)              Font shape `T1/cmbr/bx/n' tried instead on input line 237.

Overfull \hbox (12.59988pt too wide) in paragraph at lines 228--241
[]$[]$ 
 []

File: Karteikarten Rückseite.png Graphic file (type png)
<use Karteikarten Rückseite.png>
Package pdftex.def Info: Karteikarten Rückseite.png  used on input line 242.
(pdftex.def)             Requested size: 421.12428pt x 298.77907pt.
[36

]
Overfull \hbox (12.59988pt too wide) in paragraph at lines 242--246
[]$[]$ 
 []

File: Hintergrund1.png Graphic file (type png)
<use Hintergrund1.png>
Package pdftex.def Info: Hintergrund1.png  used on input line 247.
(pdftex.def)             Requested size: 421.12428pt x 298.77907pt.
[37

]
Overfull \hbox (12.59988pt too wide) in paragraph at lines 247--259
[]$[]$ 
 []

File: Karteikarten Rückseite.png Graphic file (type png)
<use Karteikarten Rückseite.png>
Package pdftex.def Info: Karteikarten Rückseite.png  used on input line 260.
(pdftex.def)             Requested size: 421.12428pt x 298.77907pt.
[38

]
Overfull \hbox (12.59988pt too wide) in paragraph at lines 260--271
[]$[]$ 
 []

File: Hintergrund1.png Graphic file (type png)
<use Hintergrund1.png>
Package pdftex.def Info: Hintergrund1.png  used on input line 272.
(pdftex.def)             Requested size: 421.12428pt x 298.77907pt.
[39

]
Overfull \hbox (12.59988pt too wide) in paragraph at lines 272--274
[]$[]$ 
 []

File: Karteikarten Rückseite.png Graphic file (type png)
<use Karteikarten Rückseite.png>
Package pdftex.def Info: Karteikarten Rückseite.png  used on input line 275.
(pdftex.def)             Requested size: 421.12428pt x 298.77907pt.
[40

]
Overfull \hbox (12.59988pt too wide) in paragraph at lines 275--284
[]$[]$ 
 []

File: Hintergrund1.png Graphic file (type png)
<use Hintergrund1.png>
Package pdftex.def Info: Hintergrund1.png  used on input line 285.
(pdftex.def)             Requested size: 421.12428pt x 298.77907pt.
[41

]
Overfull \hbox (12.59988pt too wide) in paragraph at lines 285--287
[]$[]$ 
 []

File: Karteikarten Rückseite.png Graphic file (type png)
<use Karteikarten Rückseite.png>
Package pdftex.def Info: Karteikarten Rückseite.png  used on input line 288.
(pdftex.def)             Requested size: 421.12428pt x 298.77907pt.
[42

]
Overfull \hbox (12.59988pt too wide) in paragraph at lines 288--292
[]$[]$ 
 []

File: Hintergrund1.png Graphic file (type png)
<use Hintergrund1.png>
Package pdftex.def Info: Hintergrund1.png  used on input line 293.
(pdftex.def)             Requested size: 421.12428pt x 298.77907pt.
[43

]
Overfull \hbox (12.59988pt too wide) in paragraph at lines 293--304
[]$[]$ 
 []

File: Karteikarten Rückseite.png Graphic file (type png)
<use Karteikarten Rückseite.png>
Package pdftex.def Info: Karteikarten Rückseite.png  used on input line 305.
(pdftex.def)             Requested size: 421.12428pt x 298.77907pt.
[44

]
Overfull \hbox (12.59988pt too wide) in paragraph at lines 305--308
[]$[]$ 
 []

File: Hintergrund1.png Graphic file (type png)
<use Hintergrund1.png>
Package pdftex.def Info: Hintergrund1.png  used on input line 309.
(pdftex.def)             Requested size: 421.12428pt x 298.77907pt.
[45

]
Overfull \hbox (12.59988pt too wide) in paragraph at lines 309--316
[]$[]$ 
 []

File: Karteikarten Rückseite.png Graphic file (type png)
<use Karteikarten Rückseite.png>
Package pdftex.def Info: Karteikarten Rückseite.png  used on input line 317.
(pdftex.def)             Requested size: 421.12428pt x 298.77907pt.
[46

]
Overfull \hbox (12.59988pt too wide) in paragraph at lines 317--322
[]$[]$ 
 []

File: Hintergrund1.png Graphic file (type png)
<use Hintergrund1.png>
Package pdftex.def Info: Hintergrund1.png  used on input line 323.
(pdftex.def)             Requested size: 421.12428pt x 298.77907pt.
[47

]
Overfull \hbox (12.59988pt too wide) in paragraph at lines 323--335
[]$[]$ 
 []

File: Karteikarten Rückseite.png Graphic file (type png)
<use Karteikarten Rückseite.png>
Package pdftex.def Info: Karteikarten Rückseite.png  used on input line 336.
(pdftex.def)             Requested size: 421.12428pt x 298.77907pt.
[48

]
Overfull \hbox (12.59988pt too wide) in paragraph at lines 336--341
[]$[]$ 
 []

File: Hintergrund1.png Graphic file (type png)
<use Hintergrund1.png>
Package pdftex.def Info: Hintergrund1.png  used on input line 342.
(pdftex.def)             Requested size: 421.12428pt x 298.77907pt.
[49

]
Overfull \hbox (12.59988pt too wide) in paragraph at lines 342--354
[]$[]$ 
 []

File: Karteikarten Rückseite.png Graphic file (type png)
<use Karteikarten Rückseite.png>
Package pdftex.def Info: Karteikarten Rückseite.png  used on input line 355.
(pdftex.def)             Requested size: 421.12428pt x 298.77907pt.
[50

]
Overfull \hbox (12.59988pt too wide) in paragraph at lines 355--360
[]$[]$ 
 []

File: Hintergrund1.png Graphic file (type png)
<use Hintergrund1.png>
Package pdftex.def Info: Hintergrund1.png  used on input line 361.
(pdftex.def)             Requested size: 421.12428pt x 298.77907pt.
[51

]
Overfull \hbox (21.6133pt too wide) detected at line 366
[] \OT1/cmbr/m/n/12 = []
 []


Overfull \hbox (12.59988pt too wide) in paragraph at lines 361--372
[]$[]$ 
 []

File: Karteikarten Rückseite.png Graphic file (type png)
<use Karteikarten Rückseite.png>
Package pdftex.def Info: Karteikarten Rückseite.png  used on input line 373.
(pdftex.def)             Requested size: 421.12428pt x 298.77907pt.
[52

]
Overfull \hbox (12.59988pt too wide) in paragraph at lines 373--378
[]$[]$ 
 []

File: Hintergrund1.png Graphic file (type png)
<use Hintergrund1.png>
Package pdftex.def Info: Hintergrund1.png  used on input line 379.
(pdftex.def)             Requested size: 421.12428pt x 298.77907pt.
[53

]
Overfull \hbox (12.59988pt too wide) in paragraph at lines 379--388
[]$[]$ 
 []

File: Karteikarten Rückseite.png Graphic file (type png)
<use Karteikarten Rückseite.png>
Package pdftex.def Info: Karteikarten Rückseite.png  used on input line 389.
(pdftex.def)             Requested size: 421.12428pt x 298.77907pt.
[54

]
Overfull \hbox (12.59988pt too wide) in paragraph at lines 389--397
[]$[]$ 
 []

File: Hintergrund1.png Graphic file (type png)
<use Hintergrund1.png>
Package pdftex.def Info: Hintergrund1.png  used on input line 398.
(pdftex.def)             Requested size: 421.12428pt x 298.77907pt.
[55

]
Overfull \hbox (12.59988pt too wide) in paragraph at lines 398--412
[]$[]$ 
 []

File: Karteikarten Rückseite.png Graphic file (type png)
<use Karteikarten Rückseite.png>
Package pdftex.def Info: Karteikarten Rückseite.png  used on input line 413.
(pdftex.def)             Requested size: 421.12428pt x 298.77907pt.
[56

]
Overfull \hbox (12.59988pt too wide) in paragraph at lines 413--415
[]$[]$ 
 []

File: Hintergrund1.png Graphic file (type png)
<use Hintergrund1.png>
Package pdftex.def Info: Hintergrund1.png  used on input line 416.
(pdftex.def)             Requested size: 421.12428pt x 298.77907pt.
[57

]
Overfull \hbox (12.59988pt too wide) in paragraph at lines 416--424
[]$[]$ 
 []

File: Karteikarten Rückseite.png Graphic file (type png)
<use Karteikarten Rückseite.png>
Package pdftex.def Info: Karteikarten Rückseite.png  used on input line 425.
(pdftex.def)             Requested size: 421.12428pt x 298.77907pt.
[58

]
Overfull \hbox (12.59988pt too wide) in paragraph at lines 425--427
[]$[]$ 
 []

File: Hintergrund1.png Graphic file (type png)
<use Hintergrund1.png>
Package pdftex.def Info: Hintergrund1.png  used on input line 428.
(pdftex.def)             Requested size: 421.12428pt x 298.77907pt.
[59

]
Overfull \hbox (12.59988pt too wide) in paragraph at lines 428--432
[]$[]$ 
 []

File: Karteikarten Rückseite.png Graphic file (type png)
<use Karteikarten Rückseite.png>
Package pdftex.def Info: Karteikarten Rückseite.png  used on input line 433.
(pdftex.def)             Requested size: 421.12428pt x 298.77907pt.
[60

]
Overfull \hbox (12.59988pt too wide) in paragraph at lines 433--435
[]$[]$ 
 []

File: Hintergrund1.png Graphic file (type png)
<use Hintergrund1.png>
Package pdftex.def Info: Hintergrund1.png  used on input line 436.
(pdftex.def)             Requested size: 421.12428pt x 298.77907pt.
[61

]
Overfull \hbox (12.59988pt too wide) in paragraph at lines 436--438
[]$[]$ 
 []

File: Karteikarten Rückseite.png Graphic file (type png)
<use Karteikarten Rückseite.png>
Package pdftex.def Info: Karteikarten Rückseite.png  used on input line 440.
(pdftex.def)             Requested size: 421.12428pt x 298.77907pt.
[62

]
Overfull \hbox (12.59988pt too wide) in paragraph at lines 440--448
[]$[]$ 
 []

File: Hintergrund1.png Graphic file (type png)
<use Hintergrund1.png>
Package pdftex.def Info: Hintergrund1.png  used on input line 449.
(pdftex.def)             Requested size: 421.12428pt x 298.77907pt.
[63

]
Overfull \hbox (12.59988pt too wide) in paragraph at lines 449--456
[]$[]$ 
 []

File: Karteikarten Rückseite.png Graphic file (type png)
<use Karteikarten Rückseite.png>
Package pdftex.def Info: Karteikarten Rückseite.png  used on input line 457.
(pdftex.def)             Requested size: 421.12428pt x 298.77907pt.
[64

]
Overfull \hbox (12.59988pt too wide) in paragraph at lines 457--465
[]$[]$ 
 []

File: Hintergrund1.png Graphic file (type png)
<use Hintergrund1.png>
Package pdftex.def Info: Hintergrund1.png  used on input line 466.
(pdftex.def)             Requested size: 421.12428pt x 298.77907pt.
[65

]
Overfull \hbox (12.59988pt too wide) in paragraph at lines 466--473
[]$[]$ 
 []

File: Karteikarten Rückseite.png Graphic file (type png)
<use Karteikarten Rückseite.png>
Package pdftex.def Info: Karteikarten Rückseite.png  used on input line 474.
(pdftex.def)             Requested size: 421.12428pt x 298.77907pt.
[66

]
Overfull \hbox (12.59988pt too wide) in paragraph at lines 474--478
[]$[]$ 
 []

File: Hintergrund1.png Graphic file (type png)
<use Hintergrund1.png>
Package pdftex.def Info: Hintergrund1.png  used on input line 480.
(pdftex.def)             Requested size: 421.12428pt x 298.77907pt.
[67

]
Overfull \hbox (12.59988pt too wide) in paragraph at lines 480--489
[]$[]$ 
 []

File: Karteikarten Rückseite.png Graphic file (type png)
<use Karteikarten Rückseite.png>
Package pdftex.def Info: Karteikarten Rückseite.png  used on input line 491.
(pdftex.def)             Requested size: 421.12428pt x 298.77907pt.
[68

]
Overfull \hbox (12.59988pt too wide) in paragraph at lines 491--495
[]$[]$ 
 []

File: Hintergrund1.png Graphic file (type png)
<use Hintergrund1.png>
Package pdftex.def Info: Hintergrund1.png  used on input line 496.
(pdftex.def)             Requested size: 421.12428pt x 298.77907pt.
[69

]
Overfull \hbox (12.59988pt too wide) in paragraph at lines 496--505
[]$[]$ 
 []

File: Karteikarten Rückseite.png Graphic file (type png)
<use Karteikarten Rückseite.png>
Package pdftex.def Info: Karteikarten Rückseite.png  used on input line 506.
(pdftex.def)             Requested size: 421.12428pt x 298.77907pt.
[70

]
Overfull \hbox (12.59988pt too wide) in paragraph at lines 506--510
[]$[]$ 
 []

File: Hintergrund1.png Graphic file (type png)
<use Hintergrund1.png>
Package pdftex.def Info: Hintergrund1.png  used on input line 511.
(pdftex.def)             Requested size: 421.12428pt x 298.77907pt.
[71

]
Overfull \hbox (12.59988pt too wide) in paragraph at lines 511--524
[]$[]$ 
 []

File: Karteikarten Rückseite.png Graphic file (type png)
<use Karteikarten Rückseite.png>
Package pdftex.def Info: Karteikarten Rückseite.png  used on input line 525.
(pdftex.def)             Requested size: 421.12428pt x 298.77907pt.
[72

]
Overfull \hbox (12.59988pt too wide) in paragraph at lines 525--529
[]$[]$ 
 []

File: Hintergrund1.png Graphic file (type png)
<use Hintergrund1.png>
Package pdftex.def Info: Hintergrund1.png  used on input line 530.
(pdftex.def)             Requested size: 421.12428pt x 298.77907pt.
[73

]
Overfull \hbox (12.59988pt too wide) in paragraph at lines 530--545
[]$[]$ 
 []

File: Karteikarten Rückseite.png Graphic file (type png)
<use Karteikarten Rückseite.png>
Package pdftex.def Info: Karteikarten Rückseite.png  used on input line 546.
(pdftex.def)             Requested size: 421.12428pt x 298.77907pt.
[74

]
Overfull \hbox (12.59988pt too wide) in paragraph at lines 546--548
[]$[]$ 
 []

File: Hintergrund1.png Graphic file (type png)
<use Hintergrund1.png>
Package pdftex.def Info: Hintergrund1.png  used on input line 550.
(pdftex.def)             Requested size: 421.12428pt x 298.77907pt.
[75

]
Overfull \hbox (12.59988pt too wide) in paragraph at lines 550--562
[]$[]$ 
 []

File: Karteikarten Rückseite.png Graphic file (type png)
<use Karteikarten Rückseite.png>
Package pdftex.def Info: Karteikarten Rückseite.png  used on input line 564.
(pdftex.def)             Requested size: 421.12428pt x 298.77907pt.
[76

]
Overfull \hbox (12.59988pt too wide) in paragraph at lines 564--566
[]$[]$ 
 []

File: Hintergrund1.png Graphic file (type png)
<use Hintergrund1.png>
Package pdftex.def Info: Hintergrund1.png  used on input line 567.
(pdftex.def)             Requested size: 421.12428pt x 298.77907pt.
[77

]
Overfull \hbox (12.59988pt too wide) in paragraph at lines 567--579
[]$[]$ 
 []

File: Karteikarten Rückseite.png Graphic file (type png)
<use Karteikarten Rückseite.png>
Package pdftex.def Info: Karteikarten Rückseite.png  used on input line 580.
(pdftex.def)             Requested size: 421.12428pt x 298.77907pt.
[78

]
Overfull \hbox (12.59988pt too wide) in paragraph at lines 580--582
[]$[]$ 
 []

File: Hintergrund1.png Graphic file (type png)
<use Hintergrund1.png>
Package pdftex.def Info: Hintergrund1.png  used on input line 583.
(pdftex.def)             Requested size: 421.12428pt x 298.77907pt.
[79

]
Overfull \hbox (12.59988pt too wide) in paragraph at lines 583--591
[]$[]$ 
 []

File: Karteikarten Rückseite.png Graphic file (type png)
<use Karteikarten Rückseite.png>
Package pdftex.def Info: Karteikarten Rückseite.png  used on input line 592.
(pdftex.def)             Requested size: 421.12428pt x 298.77907pt.
[80

]
Overfull \hbox (12.59988pt too wide) in paragraph at lines 592--594
[]$[]$ 
 []

File: Hintergrund1.png Graphic file (type png)
<use Hintergrund1.png>
Package pdftex.def Info: Hintergrund1.png  used on input line 595.
(pdftex.def)             Requested size: 421.12428pt x 298.77907pt.
[81

]
Overfull \hbox (12.59988pt too wide) in paragraph at lines 595--601
[]$[]$ 
 []

File: Karteikarten Rückseite.png Graphic file (type png)
<use Karteikarten Rückseite.png>
Package pdftex.def Info: Karteikarten Rückseite.png  used on input line 602.
(pdftex.def)             Requested size: 421.12428pt x 298.77907pt.
[82

]
Overfull \hbox (12.59988pt too wide) in paragraph at lines 602--604
[]$[]$ 
 []

File: Hintergrund1.png Graphic file (type png)
<use Hintergrund1.png>
Package pdftex.def Info: Hintergrund1.png  used on input line 605.
(pdftex.def)             Requested size: 421.12428pt x 298.77907pt.
[83

]
Overfull \hbox (12.59988pt too wide) in paragraph at lines 605--611
[]$[]$ 
 []

File: Karteikarten Rückseite.png Graphic file (type png)
<use Karteikarten Rückseite.png>
Package pdftex.def Info: Karteikarten Rückseite.png  used on input line 612.
(pdftex.def)             Requested size: 421.12428pt x 298.77907pt.
[84

]
Overfull \hbox (12.59988pt too wide) in paragraph at lines 612--614
[]$[]$ 
 []

File: Hintergrund1.png Graphic file (type png)
<use Hintergrund1.png>
Package pdftex.def Info: Hintergrund1.png  used on input line 615.
(pdftex.def)             Requested size: 421.12428pt x 298.77907pt.
[85

]
Overfull \hbox (12.59988pt too wide) in paragraph at lines 615--619
[]$[]$ 
 []

File: Karteikarten Rückseite.png Graphic file (type png)
<use Karteikarten Rückseite.png>
Package pdftex.def Info: Karteikarten Rückseite.png  used on input line 620.
(pdftex.def)             Requested size: 421.12428pt x 298.77907pt.
[86

]
Overfull \hbox (12.59988pt too wide) in paragraph at lines 620--630
[]$[]$ 
 []

File: Hintergrund1.png Graphic file (type png)
<use Hintergrund1.png>
Package pdftex.def Info: Hintergrund1.png  used on input line 631.
(pdftex.def)             Requested size: 421.12428pt x 298.77907pt.
[87

]
Overfull \hbox (12.59988pt too wide) in paragraph at lines 631--641
[]$[]$ 
 []

File: Karteikarten Rückseite.png Graphic file (type png)
<use Karteikarten Rückseite.png>
Package pdftex.def Info: Karteikarten Rückseite.png  used on input line 642.
(pdftex.def)             Requested size: 421.12428pt x 298.77907pt.
[88

]
Overfull \hbox (12.59988pt too wide) in paragraph at lines 642--652
[]$[]$ 
 []

File: Hintergrund1.png Graphic file (type png)
<use Hintergrund1.png>
Package pdftex.def Info: Hintergrund1.png  used on input line 653.
(pdftex.def)             Requested size: 421.12428pt x 298.77907pt.
[89

]
Overfull \hbox (12.59988pt too wide) in paragraph at lines 653--663
[]$[]$ 
 []

File: Karteikarten Rückseite.png Graphic file (type png)
<use Karteikarten Rückseite.png>
Package pdftex.def Info: Karteikarten Rückseite.png  used on input line 664.
(pdftex.def)             Requested size: 421.12428pt x 298.77907pt.
[90

]
Overfull \hbox (12.59988pt too wide) in paragraph at lines 664--674
[]$[]$ 
 []

File: Hintergrund1.png Graphic file (type png)
<use Hintergrund1.png>
Package pdftex.def Info: Hintergrund1.png  used on input line 675.
(pdftex.def)             Requested size: 421.12428pt x 298.77907pt.
[91

]
Overfull \hbox (12.59988pt too wide) in paragraph at lines 675--684
[]$[]$ 
 []

File: Karteikarten Rückseite.png Graphic file (type png)
<use Karteikarten Rückseite.png>
Package pdftex.def Info: Karteikarten Rückseite.png  used on input line 685.
(pdftex.def)             Requested size: 421.12428pt x 298.77907pt.
[92

]
Overfull \hbox (12.59988pt too wide) in paragraph at lines 685--695
[]$[]$ 
 []

File: Hintergrund1.png Graphic file (type png)
<use Hintergrund1.png>
Package pdftex.def Info: Hintergrund1.png  used on input line 696.
(pdftex.def)             Requested size: 421.12428pt x 298.77907pt.
[93

]
Overfull \hbox (12.59988pt too wide) in paragraph at lines 696--710
[]$[]$ 
 []

File: Karteikarten Rückseite.png Graphic file (type png)
<use Karteikarten Rückseite.png>
Package pdftex.def Info: Karteikarten Rückseite.png  used on input line 711.
(pdftex.def)             Requested size: 421.12428pt x 298.77907pt.
[94

]
Overfull \hbox (12.59988pt too wide) in paragraph at lines 711--715
[]$[]$ 
 []

File: Hintergrund1.png Graphic file (type png)
<use Hintergrund1.png>
Package pdftex.def Info: Hintergrund1.png  used on input line 716.
(pdftex.def)             Requested size: 421.12428pt x 298.77907pt.
[95

]
Overfull \hbox (12.59988pt too wide) in paragraph at lines 716--729
[]$[]$ 
 []

File: Karteikarten Rückseite.png Graphic file (type png)
<use Karteikarten Rückseite.png>
Package pdftex.def Info: Karteikarten Rückseite.png  used on input line 730.
(pdftex.def)             Requested size: 421.12428pt x 298.77907pt.
[96

]
Overfull \hbox (12.59988pt too wide) in paragraph at lines 730--734
[]$[]$ 
 []

File: Hintergrund1.png Graphic file (type png)
<use Hintergrund1.png>
Package pdftex.def Info: Hintergrund1.png  used on input line 735.
(pdftex.def)             Requested size: 421.12428pt x 298.77907pt.
[97

]
Overfull \hbox (12.59988pt too wide) in paragraph at lines 735--744
[]$[]$ 
 []

File: Karteikarten Rückseite.png Graphic file (type png)
<use Karteikarten Rückseite.png>
Package pdftex.def Info: Karteikarten Rückseite.png  used on input line 745.
(pdftex.def)             Requested size: 421.12428pt x 298.77907pt.
[98

]
Overfull \hbox (12.59988pt too wide) in paragraph at lines 745--747
[]$[]$ 
 []

File: Hintergrund1.png Graphic file (type png)
<use Hintergrund1.png>
Package pdftex.def Info: Hintergrund1.png  used on input line 748.
(pdftex.def)             Requested size: 421.12428pt x 298.77907pt.
[99

]
Overfull \hbox (12.59988pt too wide) in paragraph at lines 748--756
[]$[]$ 
 []

File: Karteikarten Rückseite.png Graphic file (type png)
<use Karteikarten Rückseite.png>
Package pdftex.def Info: Karteikarten Rückseite.png  used on input line 757.
(pdftex.def)             Requested size: 421.12428pt x 298.77907pt.
[100

]
Overfull \hbox (12.59988pt too wide) in paragraph at lines 757--761
[]$[]$ 
 []

File: Hintergrund1.png Graphic file (type png)
<use Hintergrund1.png>
Package pdftex.def Info: Hintergrund1.png  used on input line 762.
(pdftex.def)             Requested size: 421.12428pt x 298.77907pt.
[101

]
Overfull \hbox (12.59988pt too wide) in paragraph at lines 762--766
[]$[]$ 
 []

File: Karteikarten Rückseite.png Graphic file (type png)
<use Karteikarten Rückseite.png>
Package pdftex.def Info: Karteikarten Rückseite.png  used on input line 767.
(pdftex.def)             Requested size: 421.12428pt x 298.77907pt.
[102

]
Overfull \hbox (12.59988pt too wide) in paragraph at lines 767--770
[]$[]$ 
 []

File: Hintergrund1.png Graphic file (type png)
<use Hintergrund1.png>
Package pdftex.def Info: Hintergrund1.png  used on input line 771.
(pdftex.def)             Requested size: 421.12428pt x 298.77907pt.
[103

]
Overfull \hbox (12.59988pt too wide) in paragraph at lines 771--773
[]$[]$ 
 []

File: Karteikarten Rückseite.png Graphic file (type png)
<use Karteikarten Rückseite.png>
Package pdftex.def Info: Karteikarten Rückseite.png  used on input line 774.
(pdftex.def)             Requested size: 421.12428pt x 298.77907pt.
[104

]
Overfull \hbox (12.59988pt too wide) in paragraph at lines 774--777
[]$[]$ 
 []

File: Hintergrund1.png Graphic file (type png)
<use Hintergrund1.png>
Package pdftex.def Info: Hintergrund1.png  used on input line 778.
(pdftex.def)             Requested size: 421.12428pt x 298.77907pt.
[105

]
Overfull \hbox (12.59988pt too wide) in paragraph at lines 778--783
[]$[]$ 
 []

File: Karteikarten Rückseite.png Graphic file (type png)
<use Karteikarten Rückseite.png>
Package pdftex.def Info: Karteikarten Rückseite.png  used on input line 784.
(pdftex.def)             Requested size: 421.12428pt x 298.77907pt.
[106

]
Overfull \hbox (12.59988pt too wide) in paragraph at lines 784--787
[]$[]$ 
 []

File: Hintergrund1.png Graphic file (type png)
<use Hintergrund1.png>
Package pdftex.def Info: Hintergrund1.png  used on input line 788.
(pdftex.def)             Requested size: 421.12428pt x 298.77907pt.
[107

]
Overfull \hbox (12.59988pt too wide) in paragraph at lines 788--799
[]$[]$ 
 []

File: Karteikarten Rückseite.png Graphic file (type png)
<use Karteikarten Rückseite.png>
Package pdftex.def Info: Karteikarten Rückseite.png  used on input line 800.
(pdftex.def)             Requested size: 421.12428pt x 298.77907pt.
[108

]
Overfull \hbox (12.59988pt too wide) in paragraph at lines 800--803
[]$[]$ 
 []

File: Hintergrund1.png Graphic file (type png)
<use Hintergrund1.png>
Package pdftex.def Info: Hintergrund1.png  used on input line 804.
(pdftex.def)             Requested size: 421.12428pt x 298.77907pt.
[109

]
Overfull \hbox (12.59988pt too wide) in paragraph at lines 804--813
[]$[]$ 
 []

File: Karteikarten Rückseite.png Graphic file (type png)
<use Karteikarten Rückseite.png>
Package pdftex.def Info: Karteikarten Rückseite.png  used on input line 814.
(pdftex.def)             Requested size: 421.12428pt x 298.77907pt.
[110

]
Overfull \hbox (12.59988pt too wide) in paragraph at lines 814--817
[]$[]$ 
 []

File: Hintergrund1.png Graphic file (type png)
<use Hintergrund1.png>
Package pdftex.def Info: Hintergrund1.png  used on input line 818.
(pdftex.def)             Requested size: 421.12428pt x 298.77907pt.
[111

]
Overfull \hbox (12.59988pt too wide) in paragraph at lines 818--822
[]$[]$ 
 []

File: Karteikarten Rückseite.png Graphic file (type png)
<use Karteikarten Rückseite.png>
Package pdftex.def Info: Karteikarten Rückseite.png  used on input line 823.
(pdftex.def)             Requested size: 421.12428pt x 298.77907pt.
[112

]
Overfull \hbox (12.59988pt too wide) in paragraph at lines 823--830
[]$[]$ 
 []

File: Hintergrund1.png Graphic file (type png)
<use Hintergrund1.png>
Package pdftex.def Info: Hintergrund1.png  used on input line 831.
(pdftex.def)             Requested size: 421.12428pt x 298.77907pt.
[113

]
Overfull \hbox (12.59988pt too wide) in paragraph at lines 831--837
[]$[]$ 
 []

File: Karteikarten Rückseite.png Graphic file (type png)
<use Karteikarten Rückseite.png>
Package pdftex.def Info: Karteikarten Rückseite.png  used on input line 838.
(pdftex.def)             Requested size: 421.12428pt x 298.77907pt.
[114

]
Overfull \hbox (12.59988pt too wide) in paragraph at lines 838--845
[]$[]$ 
 []

File: Hintergrund1.png Graphic file (type png)
<use Hintergrund1.png>
Package pdftex.def Info: Hintergrund1.png  used on input line 846.
(pdftex.def)             Requested size: 421.12428pt x 298.77907pt.
[115

]
Overfull \hbox (12.59988pt too wide) in paragraph at lines 846--854
[]$[]$ 
 []

File: Karteikarten Rückseite.png Graphic file (type png)
<use Karteikarten Rückseite.png>
Package pdftex.def Info: Karteikarten Rückseite.png  used on input line 855.
(pdftex.def)             Requested size: 421.12428pt x 298.77907pt.
[116

]
Overfull \hbox (12.59988pt too wide) in paragraph at lines 855--862
[]$[]$ 
 []

File: Hintergrund1.png Graphic file (type png)
<use Hintergrund1.png>
Package pdftex.def Info: Hintergrund1.png  used on input line 863.
(pdftex.def)             Requested size: 421.12428pt x 298.77907pt.
[117

]
Overfull \hbox (12.59988pt too wide) in paragraph at lines 863--871
[]$[]$ 
 []

File: Karteikarten Rückseite.png Graphic file (type png)
<use Karteikarten Rückseite.png>
Package pdftex.def Info: Karteikarten Rückseite.png  used on input line 872.
(pdftex.def)             Requested size: 421.12428pt x 298.77907pt.
[118

]
Overfull \hbox (12.59988pt too wide) in paragraph at lines 872--879
[]$[]$ 
 []

File: Hintergrund1.png Graphic file (type png)
<use Hintergrund1.png>
Package pdftex.def Info: Hintergrund1.png  used on input line 880.
(pdftex.def)             Requested size: 421.12428pt x 298.77907pt.
[119

]
Overfull \hbox (12.59988pt too wide) in paragraph at lines 880--888
[]$[]$ 
 []

File: Karteikarten Rückseite.png Graphic file (type png)
<use Karteikarten Rückseite.png>
Package pdftex.def Info: Karteikarten Rückseite.png  used on input line 889.
(pdftex.def)             Requested size: 421.12428pt x 298.77907pt.
[120

]
Overfull \hbox (12.59988pt too wide) in paragraph at lines 889--896
[]$[]$ 
 []

File: Hintergrund1.png Graphic file (type png)
<use Hintergrund1.png>
Package pdftex.def Info: Hintergrund1.png  used on input line 897.
(pdftex.def)             Requested size: 421.12428pt x 298.77907pt.
[121

]
Overfull \hbox (12.59988pt too wide) in paragraph at lines 897--905
[]$[]$ 
 []

File: Karteikarten Rückseite.png Graphic file (type png)
<use Karteikarten Rückseite.png>
Package pdftex.def Info: Karteikarten Rückseite.png  used on input line 906.
(pdftex.def)             Requested size: 421.12428pt x 298.77907pt.
[122

]
Overfull \hbox (12.59988pt too wide) in paragraph at lines 906--913
[]$[]$ 
 []

File: Hintergrund1.png Graphic file (type png)
<use Hintergrund1.png>
Package pdftex.def Info: Hintergrund1.png  used on input line 914.
(pdftex.def)             Requested size: 421.12428pt x 298.77907pt.
[123

]
Overfull \hbox (12.59988pt too wide) in paragraph at lines 914--922
[]$[]$ 
 []

File: Karteikarten Rückseite.png Graphic file (type png)
<use Karteikarten Rückseite.png>
Package pdftex.def Info: Karteikarten Rückseite.png  used on input line 923.
(pdftex.def)             Requested size: 421.12428pt x 298.77907pt.
[124

]
Overfull \hbox (12.59988pt too wide) in paragraph at lines 923--930
[]$[]$ 
 []

File: Hintergrund1.png Graphic file (type png)
<use Hintergrund1.png>
Package pdftex.def Info: Hintergrund1.png  used on input line 931.
(pdftex.def)             Requested size: 421.12428pt x 298.77907pt.
[125

]
Overfull \hbox (12.59988pt too wide) in paragraph at lines 931--939
[]$[]$ 
 []

File: Karteikarten Rückseite.png Graphic file (type png)
<use Karteikarten Rückseite.png>
Package pdftex.def Info: Karteikarten Rückseite.png  used on input line 940.
(pdftex.def)             Requested size: 421.12428pt x 298.77907pt.
[126

]
Overfull \hbox (12.59988pt too wide) in paragraph at lines 940--947
[]$[]$ 
 []

File: Hintergrund1.png Graphic file (type png)
<use Hintergrund1.png>
Package pdftex.def Info: Hintergrund1.png  used on input line 948.
(pdftex.def)             Requested size: 421.12428pt x 298.77907pt.
[127

]
Overfull \hbox (12.59988pt too wide) in paragraph at lines 948--956
[]$[]$ 
 []

File: Karteikarten Rückseite.png Graphic file (type png)
<use Karteikarten Rückseite.png>
Package pdftex.def Info: Karteikarten Rückseite.png  used on input line 957.
(pdftex.def)             Requested size: 421.12428pt x 298.77907pt.
[128

]
Overfull \hbox (12.59988pt too wide) in paragraph at lines 957--964
[]$[]$ 
 []

File: Hintergrund1.png Graphic file (type png)
<use Hintergrund1.png>
Package pdftex.def Info: Hintergrund1.png  used on input line 965.
(pdftex.def)             Requested size: 421.12428pt x 298.77907pt.
[129

]
Overfull \hbox (12.59988pt too wide) in paragraph at lines 965--973
[]$[]$ 
 []

File: Karteikarten Rückseite.png Graphic file (type png)
<use Karteikarten Rückseite.png>
Package pdftex.def Info: Karteikarten Rückseite.png  used on input line 974.
(pdftex.def)             Requested size: 421.12428pt x 298.77907pt.
[130

]
Overfull \hbox (12.59988pt too wide) in paragraph at lines 974--977
[]$[]$ 
 []

File: Hintergrund1.png Graphic file (type png)
<use Hintergrund1.png>
Package pdftex.def Info: Hintergrund1.png  used on input line 978.
(pdftex.def)             Requested size: 421.12428pt x 298.77907pt.
[131

]
Overfull \hbox (12.59988pt too wide) in paragraph at lines 978--988
[]$[]$ 
 []

File: Karteikarten Rückseite.png Graphic file (type png)
<use Karteikarten Rückseite.png>
Package pdftex.def Info: Karteikarten Rückseite.png  used on input line 989.
(pdftex.def)             Requested size: 421.12428pt x 298.77907pt.
[132

]
Overfull \hbox (12.59988pt too wide) in paragraph at lines 989--992
[]$[]$ 
 []

File: Hintergrund1.png Graphic file (type png)
<use Hintergrund1.png>
Package pdftex.def Info: Hintergrund1.png  used on input line 993.
(pdftex.def)             Requested size: 421.12428pt x 298.77907pt.
[133

]
Overfull \hbox (12.59988pt too wide) in paragraph at lines 993--997
[]$[]$ 
 []

File: Karteikarten Rückseite.png Graphic file (type png)
<use Karteikarten Rückseite.png>
Package pdftex.def Info: Karteikarten Rückseite.png  used on input line 998.
(pdftex.def)             Requested size: 421.12428pt x 298.77907pt.
[134

]
Overfull \hbox (12.59988pt too wide) in paragraph at lines 998--1001
[]$[]$ 
 []

File: Hintergrund1.png Graphic file (type png)
<use Hintergrund1.png>
Package pdftex.def Info: Hintergrund1.png  used on input line 1002.
(pdftex.def)             Requested size: 421.12428pt x 298.77907pt.
[135

]
Overfull \hbox (12.59988pt too wide) in paragraph at lines 1002--1009
[]$[]$ 
 []

File: Karteikarten Rückseite.png Graphic file (type png)
<use Karteikarten Rückseite.png>
Package pdftex.def Info: Karteikarten Rückseite.png  used on input line 1010.
(pdftex.def)             Requested size: 421.12428pt x 298.77907pt.
[136

]
Overfull \hbox (12.59988pt too wide) in paragraph at lines 1010--1013
[]$[]$ 
 []

File: Hintergrund1.png Graphic file (type png)
<use Hintergrund1.png>
Package pdftex.def Info: Hintergrund1.png  used on input line 1014.
(pdftex.def)             Requested size: 421.12428pt x 298.77907pt.
[137

]
Overfull \hbox (12.59988pt too wide) in paragraph at lines 1014--1022
[]$[]$ 
 []

File: Karteikarten Rückseite.png Graphic file (type png)
<use Karteikarten Rückseite.png>
Package pdftex.def Info: Karteikarten Rückseite.png  used on input line 1023.
(pdftex.def)             Requested size: 421.12428pt x 298.77907pt.
[138

]
Overfull \hbox (12.59988pt too wide) in paragraph at lines 1023--1026
[]$[]$ 
 []

File: Hintergrund1.png Graphic file (type png)
<use Hintergrund1.png>
Package pdftex.def Info: Hintergrund1.png  used on input line 1027.
(pdftex.def)             Requested size: 421.12428pt x 298.77907pt.
[139

]
Overfull \hbox (12.59988pt too wide) in paragraph at lines 1027--1032
[]$[]$ 
 []

File: Karteikarten Rückseite.png Graphic file (type png)
<use Karteikarten Rückseite.png>
Package pdftex.def Info: Karteikarten Rückseite.png  used on input line 1033.
(pdftex.def)             Requested size: 421.12428pt x 298.77907pt.
[140

]
Overfull \hbox (12.59988pt too wide) in paragraph at lines 1033--1036
[]$[]$ 
 []

File: Hintergrund1.png Graphic file (type png)
<use Hintergrund1.png>
Package pdftex.def Info: Hintergrund1.png  used on input line 1037.
(pdftex.def)             Requested size: 421.12428pt x 298.77907pt.
[141

]
Overfull \hbox (12.59988pt too wide) in paragraph at lines 1037--1042
[]$[]$ 
 []

File: Karteikarten Rückseite.png Graphic file (type png)
<use Karteikarten Rückseite.png>
Package pdftex.def Info: Karteikarten Rückseite.png  used on input line 1043.
(pdftex.def)             Requested size: 421.12428pt x 298.77907pt.
[142

]
Overfull \hbox (12.59988pt too wide) in paragraph at lines 1043--1046
[]$[]$ 
 []

File: Hintergrund1.png Graphic file (type png)
<use Hintergrund1.png>
Package pdftex.def Info: Hintergrund1.png  used on input line 1047.
(pdftex.def)             Requested size: 421.12428pt x 298.77907pt.
[143

]
Overfull \hbox (12.59988pt too wide) in paragraph at lines 1047--1060
[]$[]$ 
 []

File: Karteikarten Rückseite.png Graphic file (type png)
<use Karteikarten Rückseite.png>
Package pdftex.def Info: Karteikarten Rückseite.png  used on input line 1061.
(pdftex.def)             Requested size: 421.12428pt x 298.77907pt.
[144

]
Overfull \hbox (12.59988pt too wide) in paragraph at lines 1061--1064
[]$[]$ 
 []

File: Hintergrund1.png Graphic file (type png)
<use Hintergrund1.png>
Package pdftex.def Info: Hintergrund1.png  used on input line 1065.
(pdftex.def)             Requested size: 421.12428pt x 298.77907pt.
[145

]
Overfull \hbox (12.59988pt too wide) in paragraph at lines 1065--1074
[]$[]$ 
 []

File: Karteikarten Rückseite.png Graphic file (type png)
<use Karteikarten Rückseite.png>
Package pdftex.def Info: Karteikarten Rückseite.png  used on input line 1075.
(pdftex.def)             Requested size: 421.12428pt x 298.77907pt.
[146

]
Overfull \hbox (12.59988pt too wide) in paragraph at lines 1075--1078
[]$[]$ 
 []

File: Hintergrund1.png Graphic file (type png)
<use Hintergrund1.png>
Package pdftex.def Info: Hintergrund1.png  used on input line 1079.
(pdftex.def)             Requested size: 421.12428pt x 298.77907pt.
[147

]
Overfull \hbox (12.59988pt too wide) in paragraph at lines 1079--1086
[]$[]$ 
 []

File: Karteikarten Rückseite.png Graphic file (type png)
<use Karteikarten Rückseite.png>
Package pdftex.def Info: Karteikarten Rückseite.png  used on input line 1087.
(pdftex.def)             Requested size: 421.12428pt x 298.77907pt.
[148

]
Overfull \hbox (12.59988pt too wide) in paragraph at lines 1087--1090
[]$[]$ 
 []

File: Hintergrund1.png Graphic file (type png)
<use Hintergrund1.png>
Package pdftex.def Info: Hintergrund1.png  used on input line 1091.
(pdftex.def)             Requested size: 421.12428pt x 298.77907pt.
[149

]
Overfull \hbox (12.59988pt too wide) in paragraph at lines 1091--1096
[]$[]$ 
 []

File: Karteikarten Rückseite.png Graphic file (type png)
<use Karteikarten Rückseite.png>
Package pdftex.def Info: Karteikarten Rückseite.png  used on input line 1097.
(pdftex.def)             Requested size: 421.12428pt x 298.77907pt.
[150

]
Overfull \hbox (12.59988pt too wide) in paragraph at lines 1097--1100
[]$[]$ 
 []

File: Hintergrund1.png Graphic file (type png)
<use Hintergrund1.png>
Package pdftex.def Info: Hintergrund1.png  used on input line 1101.
(pdftex.def)             Requested size: 421.12428pt x 298.77907pt.
[151

]
Overfull \hbox (12.59988pt too wide) in paragraph at lines 1101--1106
[]$[]$ 
 []

File: Karteikarten Rückseite.png Graphic file (type png)
<use Karteikarten Rückseite.png>
Package pdftex.def Info: Karteikarten Rückseite.png  used on input line 1107.
(pdftex.def)             Requested size: 421.12428pt x 298.77907pt.
[152

]
Overfull \hbox (12.59988pt too wide) in paragraph at lines 1107--1111
[]$[]$ 
 []

File: Hintergrund1.png Graphic file (type png)
<use Hintergrund1.png>
Package pdftex.def Info: Hintergrund1.png  used on input line 1112.
(pdftex.def)             Requested size: 421.12428pt x 298.77907pt.
[153

]
Overfull \hbox (12.59988pt too wide) in paragraph at lines 1112--1115
[]$[]$ 
 []

File: Karteikarten Rückseite.png Graphic file (type png)
<use Karteikarten Rückseite.png>
Package pdftex.def Info: Karteikarten Rückseite.png  used on input line 1116.
(pdftex.def)             Requested size: 421.12428pt x 298.77907pt.
[154

]
Overfull \hbox (12.59988pt too wide) in paragraph at lines 1116--1124
[]$[]$ 
 []

File: Hintergrund1.png Graphic file (type png)
<use Hintergrund1.png>
Package pdftex.def Info: Hintergrund1.png  used on input line 1125.
(pdftex.def)             Requested size: 421.12428pt x 298.77907pt.
[155

]
Overfull \hbox (12.59988pt too wide) in paragraph at lines 1125--1130
[]$[]$ 
 []

File: Karteikarten Rückseite.png Graphic file (type png)
<use Karteikarten Rückseite.png>
Package pdftex.def Info: Karteikarten Rückseite.png  used on input line 1131.
(pdftex.def)             Requested size: 421.12428pt x 298.77907pt.
[156

]
Overfull \hbox (12.59988pt too wide) in paragraph at lines 1131--1135
[]$[]$ 
 []

File: Hintergrund1.png Graphic file (type png)
<use Hintergrund1.png>
Package pdftex.def Info: Hintergrund1.png  used on input line 1136.
(pdftex.def)             Requested size: 421.12428pt x 298.77907pt.
[157

]
Overfull \hbox (12.59988pt too wide) in paragraph at lines 1136--1139
[]$[]$ 
 []

File: Karteikarten Rückseite.png Graphic file (type png)
<use Karteikarten Rückseite.png>
Package pdftex.def Info: Karteikarten Rückseite.png  used on input line 1140.
(pdftex.def)             Requested size: 421.12428pt x 298.77907pt.
[158

]
Overfull \hbox (12.59988pt too wide) in paragraph at lines 1140--1142
[]$[]$ 
 []

File: Hintergrund1.png Graphic file (type png)
<use Hintergrund1.png>
Package pdftex.def Info: Hintergrund1.png  used on input line 1143.
(pdftex.def)             Requested size: 421.12428pt x 298.77907pt.
[159

]
Overfull \hbox (12.59988pt too wide) in paragraph at lines 1143--1149
[]$[]$ 
 []

File: Karteikarten Rückseite.png Graphic file (type png)
<use Karteikarten Rückseite.png>
Package pdftex.def Info: Karteikarten Rückseite.png  used on input line 1150.
(pdftex.def)             Requested size: 421.12428pt x 298.77907pt.
[160

]
Overfull \hbox (12.59988pt too wide) in paragraph at lines 1150--1154
[]$[]$ 
 []

File: Hintergrund1.png Graphic file (type png)
<use Hintergrund1.png>
Package pdftex.def Info: Hintergrund1.png  used on input line 1155.
(pdftex.def)             Requested size: 421.12428pt x 298.77907pt.
[161

]
Overfull \hbox (12.59988pt too wide) in paragraph at lines 1155--1161
[]$[]$ 
 []

File: Karteikarten Rückseite.png Graphic file (type png)
<use Karteikarten Rückseite.png>
Package pdftex.def Info: Karteikarten Rückseite.png  used on input line 1162.
(pdftex.def)             Requested size: 421.12428pt x 298.77907pt.
[162

]
Overfull \hbox (12.59988pt too wide) in paragraph at lines 1162--1166
[]$[]$ 
 []

File: Hintergrund1.png Graphic file (type png)
<use Hintergrund1.png>
Package pdftex.def Info: Hintergrund1.png  used on input line 1167.
(pdftex.def)             Requested size: 421.12428pt x 298.77907pt.
[163

]
Overfull \hbox (12.59988pt too wide) in paragraph at lines 1167--1173
[]$[]$ 
 []

File: Karteikarten Rückseite.png Graphic file (type png)
<use Karteikarten Rückseite.png>
Package pdftex.def Info: Karteikarten Rückseite.png  used on input line 1174.
(pdftex.def)             Requested size: 421.12428pt x 298.77907pt.
[164

]
Overfull \hbox (12.59988pt too wide) in paragraph at lines 1174--1178
[]$[]$ 
 []

File: Hintergrund1.png Graphic file (type png)
<use Hintergrund1.png>
Package pdftex.def Info: Hintergrund1.png  used on input line 1179.
(pdftex.def)             Requested size: 421.12428pt x 298.77907pt.
[165

]
Overfull \hbox (12.59988pt too wide) in paragraph at lines 1179--1189
[]$[]$ 
 []

File: Karteikarten Rückseite.png Graphic file (type png)
<use Karteikarten Rückseite.png>
Package pdftex.def Info: Karteikarten Rückseite.png  used on input line 1190.
(pdftex.def)             Requested size: 421.12428pt x 298.77907pt.
[166

]
Overfull \hbox (12.59988pt too wide) in paragraph at lines 1190--1194
[]$[]$ 
 []

File: Hintergrund1.png Graphic file (type png)
<use Hintergrund1.png>
Package pdftex.def Info: Hintergrund1.png  used on input line 1195.
(pdftex.def)             Requested size: 421.12428pt x 298.77907pt.
[167

]
Overfull \hbox (12.59988pt too wide) in paragraph at lines 1195--1202
[]$[]$ 
 []

File: Karteikarten Rückseite.png Graphic file (type png)
<use Karteikarten Rückseite.png>
Package pdftex.def Info: Karteikarten Rückseite.png  used on input line 1203.
(pdftex.def)             Requested size: 421.12428pt x 298.77907pt.
[168

]
LaTeX Font Info:    Font shape `T1/cmbr/b/n' in size <24.88> not available
(Font)              Font shape `T1/cmbr/bx/n' tried instead on input line 1205.


Overfull \hbox (12.59988pt too wide) in paragraph at lines 1203--1207
[]$[]$ 
 []

File: Hintergrund1.png Graphic file (type png)
<use Hintergrund1.png>
Package pdftex.def Info: Hintergrund1.png  used on input line 1208.
(pdftex.def)             Requested size: 421.12428pt x 298.77907pt.
[169

]
Overfull \hbox (12.59988pt too wide) in paragraph at lines 1208--1219
[]$[]$ 
 []

File: Karteikarten Rückseite.png Graphic file (type png)
<use Karteikarten Rückseite.png>
Package pdftex.def Info: Karteikarten Rückseite.png  used on input line 1220.
(pdftex.def)             Requested size: 421.12428pt x 298.77907pt.
[170

]
Overfull \hbox (12.59988pt too wide) in paragraph at lines 1220--1224
[]$[]$ 
 []

File: Hintergrund1.png Graphic file (type png)
<use Hintergrund1.png>
Package pdftex.def Info: Hintergrund1.png  used on input line 1225.
(pdftex.def)             Requested size: 421.12428pt x 298.77907pt.
[171

]
Overfull \hbox (12.59988pt too wide) in paragraph at lines 1225--1229
[]$[]$ 
 []

File: Karteikarten Rückseite.png Graphic file (type png)
<use Karteikarten Rückseite.png>
Package pdftex.def Info: Karteikarten Rückseite.png  used on input line 1230.
(pdftex.def)             Requested size: 421.12428pt x 298.77907pt.
[172

]
Overfull \hbox (12.59988pt too wide) in paragraph at lines 1230--1234
[]$[]$ 
 []

File: Hintergrund1.png Graphic file (type png)
<use Hintergrund1.png>
Package pdftex.def Info: Hintergrund1.png  used on input line 1235.
(pdftex.def)             Requested size: 421.12428pt x 298.77907pt.
[173

]
Overfull \hbox (12.59988pt too wide) in paragraph at lines 1235--1247
[]$[]$ 
 []

File: Karteikarten Rückseite.png Graphic file (type png)
<use Karteikarten Rückseite.png>
Package pdftex.def Info: Karteikarten Rückseite.png  used on input line 1248.
(pdftex.def)             Requested size: 421.12428pt x 298.77907pt.
[174

]
Overfull \hbox (12.59988pt too wide) in paragraph at lines 1248--1252
[]$[]$ 
 []

File: Hintergrund1.png Graphic file (type png)
<use Hintergrund1.png>
Package pdftex.def Info: Hintergrund1.png  used on input line 1253.
(pdftex.def)             Requested size: 421.12428pt x 298.77907pt.
[175

]
Overfull \hbox (12.59988pt too wide) in paragraph at lines 1253--1257
[]$[]$ 
 []

File: Karteikarten Rückseite.png Graphic file (type png)
<use Karteikarten Rückseite.png>
Package pdftex.def Info: Karteikarten Rückseite.png  used on input line 1258.
(pdftex.def)             Requested size: 421.12428pt x 298.77907pt.
[176

]
Overfull \hbox (12.59988pt too wide) in paragraph at lines 1258--1262
[]$[]$ 
 []

File: Hintergrund1.png Graphic file (type png)
<use Hintergrund1.png>
Package pdftex.def Info: Hintergrund1.png  used on input line 1263.
(pdftex.def)             Requested size: 421.12428pt x 298.77907pt.
[177

]
Overfull \hbox (12.59988pt too wide) in paragraph at lines 1263--1267
[]$[]$ 
 []

File: Karteikarten Rückseite.png Graphic file (type png)
<use Karteikarten Rückseite.png>
Package pdftex.def Info: Karteikarten Rückseite.png  used on input line 1268.
(pdftex.def)             Requested size: 421.12428pt x 298.77907pt.
[178

]
Overfull \hbox (12.59988pt too wide) in paragraph at lines 1268--1270
[]$[]$ 
 []

File: Hintergrund1.png Graphic file (type png)
<use Hintergrund1.png>
Package pdftex.def Info: Hintergrund1.png  used on input line 1271.
(pdftex.def)             Requested size: 421.12428pt x 298.77907pt.
[179

]
Overfull \hbox (12.59988pt too wide) in paragraph at lines 1271--1278
[]$[]$ 
 []

File: Karteikarten Rückseite.png Graphic file (type png)
<use Karteikarten Rückseite.png>
Package pdftex.def Info: Karteikarten Rückseite.png  used on input line 1279.
(pdftex.def)             Requested size: 421.12428pt x 298.77907pt.
[180

]
Overfull \hbox (12.59988pt too wide) in paragraph at lines 1279--1281
[]$[]$ 
 []

File: Hintergrund1.png Graphic file (type png)
<use Hintergrund1.png>
Package pdftex.def Info: Hintergrund1.png  used on input line 1282.
(pdftex.def)             Requested size: 421.12428pt x 298.77907pt.
[181

]
Overfull \hbox (12.59988pt too wide) in paragraph at lines 1282--1287
[]$[]$ 
 []

File: Karteikarten Rückseite.png Graphic file (type png)
<use Karteikarten Rückseite.png>
Package pdftex.def Info: Karteikarten Rückseite.png  used on input line 1288.
(pdftex.def)             Requested size: 421.12428pt x 298.77907pt.
[182

]
Overfull \hbox (12.59988pt too wide) in paragraph at lines 1288--1290
[]$[]$ 
 []

File: Hintergrund1.png Graphic file (type png)
<use Hintergrund1.png>
Package pdftex.def Info: Hintergrund1.png  used on input line 1291.
(pdftex.def)             Requested size: 421.12428pt x 298.77907pt.
[183

]
Overfull \hbox (12.59988pt too wide) in paragraph at lines 1291--1296
[]$[]$ 
 []

File: Karteikarten Rückseite.png Graphic file (type png)
<use Karteikarten Rückseite.png>
Package pdftex.def Info: Karteikarten Rückseite.png  used on input line 1297.
(pdftex.def)             Requested size: 421.12428pt x 298.77907pt.
[184

]
Overfull \hbox (12.59988pt too wide) in paragraph at lines 1297--1299
[]$[]$ 
 []

File: Hintergrund1.png Graphic file (type png)
<use Hintergrund1.png>
Package pdftex.def Info: Hintergrund1.png  used on input line 1300.
(pdftex.def)             Requested size: 421.12428pt x 298.77907pt.
[185

]
Overfull \hbox (12.59988pt too wide) in paragraph at lines 1300--1311
[]$[]$ 
 []

File: Karteikarten Rückseite.png Graphic file (type png)
<use Karteikarten Rückseite.png>
Package pdftex.def Info: Karteikarten Rückseite.png  used on input line 1312.
(pdftex.def)             Requested size: 421.12428pt x 298.77907pt.
[186

]
Overfull \hbox (12.59988pt too wide) in paragraph at lines 1312--1314
[]$[]$ 
 []

File: Hintergrund1.png Graphic file (type png)
<use Hintergrund1.png>
Package pdftex.def Info: Hintergrund1.png  used on input line 1315.
(pdftex.def)             Requested size: 421.12428pt x 298.77907pt.
[187

]
Overfull \hbox (12.59988pt too wide) in paragraph at lines 1315--1326
[]$[]$ 
 []

File: Karteikarten Rückseite.png Graphic file (type png)
<use Karteikarten Rückseite.png>
Package pdftex.def Info: Karteikarten Rückseite.png  used on input line 1327.
(pdftex.def)             Requested size: 421.12428pt x 298.77907pt.
[188

]
Overfull \hbox (12.59988pt too wide) in paragraph at lines 1327--1329
[]$[]$ 
 []

File: Hintergrund1.png Graphic file (type png)
<use Hintergrund1.png>
Package pdftex.def Info: Hintergrund1.png  used on input line 1330.
(pdftex.def)             Requested size: 421.12428pt x 298.77907pt.
[189

]
Overfull \hbox (12.59988pt too wide) in paragraph at lines 1330--1341
[]$[]$ 
 []

File: Karteikarten Rückseite.png Graphic file (type png)
<use Karteikarten Rückseite.png>
Package pdftex.def Info: Karteikarten Rückseite.png  used on input line 1342.
(pdftex.def)             Requested size: 421.12428pt x 298.77907pt.
[190

]
Overfull \hbox (12.59988pt too wide) in paragraph at lines 1342--1344
[]$[]$ 
 []

File: Hintergrund1.png Graphic file (type png)
<use Hintergrund1.png>
Package pdftex.def Info: Hintergrund1.png  used on input line 1345.
(pdftex.def)             Requested size: 421.12428pt x 298.77907pt.
[191

]
Overfull \hbox (12.59988pt too wide) in paragraph at lines 1345--1356
[]$[]$ 
 []

File: Karteikarten Rückseite.png Graphic file (type png)
<use Karteikarten Rückseite.png>
Package pdftex.def Info: Karteikarten Rückseite.png  used on input line 1357.
(pdftex.def)             Requested size: 421.12428pt x 298.77907pt.
[192

]
Overfull \hbox (12.59988pt too wide) in paragraph at lines 1357--1359
[]$[]$ 
 []

File: Hintergrund1.png Graphic file (type png)
<use Hintergrund1.png>
Package pdftex.def Info: Hintergrund1.png  used on input line 1360.
(pdftex.def)             Requested size: 421.12428pt x 298.77907pt.
[193

]
Overfull \hbox (12.59988pt too wide) in paragraph at lines 1360--1372
[]$[]$ 
 []

File: Karteikarten Rückseite.png Graphic file (type png)
<use Karteikarten Rückseite.png>
Package pdftex.def Info: Karteikarten Rückseite.png  used on input line 1373.
(pdftex.def)             Requested size: 421.12428pt x 298.77907pt.
[194

]
Overfull \hbox (12.59988pt too wide) in paragraph at lines 1373--1375
[]$[]$ 
 []

File: Hintergrund1.png Graphic file (type png)
<use Hintergrund1.png>
Package pdftex.def Info: Hintergrund1.png  used on input line 1376.
(pdftex.def)             Requested size: 421.12428pt x 298.77907pt.
[195

]
Overfull \hbox (12.59988pt too wide) in paragraph at lines 1376--1386
[]$[]$ 
 []

File: Karteikarten Rückseite.png Graphic file (type png)
<use Karteikarten Rückseite.png>
Package pdftex.def Info: Karteikarten Rückseite.png  used on input line 1387.
(pdftex.def)             Requested size: 421.12428pt x 298.77907pt.
[196

]
Overfull \hbox (12.59988pt too wide) in paragraph at lines 1387--1390
[]$[]$ 
 []

File: Hintergrund1.png Graphic file (type png)
<use Hintergrund1.png>
Package pdftex.def Info: Hintergrund1.png  used on input line 1391.
(pdftex.def)             Requested size: 421.12428pt x 298.77907pt.
[197

]
Overfull \hbox (12.59988pt too wide) in paragraph at lines 1391--1398
[]$[]$ 
 []

File: Karteikarten Rückseite.png Graphic file (type png)
<use Karteikarten Rückseite.png>
Package pdftex.def Info: Karteikarten Rückseite.png  used on input line 1399.
(pdftex.def)             Requested size: 421.12428pt x 298.77907pt.
[198

]
Overfull \hbox (12.59988pt too wide) in paragraph at lines 1399--1402
[]$[]$ 
 []

File: Hintergrund1.png Graphic file (type png)
<use Hintergrund1.png>
Package pdftex.def Info: Hintergrund1.png  used on input line 1403.
(pdftex.def)             Requested size: 421.12428pt x 298.77907pt.
[199

]
Overfull \hbox (12.59988pt too wide) in paragraph at lines 1403--1412
[]$[]$ 
 []

File: Karteikarten Rückseite.png Graphic file (type png)
<use Karteikarten Rückseite.png>
Package pdftex.def Info: Karteikarten Rückseite.png  used on input line 1413.
(pdftex.def)             Requested size: 421.12428pt x 298.77907pt.
[200

]
Overfull \hbox (12.59988pt too wide) in paragraph at lines 1413--1417
[]$[]$ 
 []

File: Hintergrund1.png Graphic file (type png)
<use Hintergrund1.png>
Package pdftex.def Info: Hintergrund1.png  used on input line 1418.
(pdftex.def)             Requested size: 421.12428pt x 298.77907pt.
[201

]
Overfull \hbox (12.59988pt too wide) in paragraph at lines 1418--1425
[]$[]$ 
 []

File: Karteikarten Rückseite.png Graphic file (type png)
<use Karteikarten Rückseite.png>
Package pdftex.def Info: Karteikarten Rückseite.png  used on input line 1426.
(pdftex.def)             Requested size: 421.12428pt x 298.77907pt.
[202

]
Overfull \hbox (12.59988pt too wide) in paragraph at lines 1426--1430
[]$[]$ 
 []

File: Hintergrund1.png Graphic file (type png)
<use Hintergrund1.png>
Package pdftex.def Info: Hintergrund1.png  used on input line 1431.
(pdftex.def)             Requested size: 421.12428pt x 298.77907pt.
[203

]
Overfull \hbox (12.59988pt too wide) in paragraph at lines 1431--1440
[]$[]$ 
 []

File: Karteikarten Rückseite.png Graphic file (type png)
<use Karteikarten Rückseite.png>
Package pdftex.def Info: Karteikarten Rückseite.png  used on input line 1441.
(pdftex.def)             Requested size: 421.12428pt x 298.77907pt.
[204

]
Overfull \hbox (12.59988pt too wide) in paragraph at lines 1441--1447
[]$[]$ 
 []

File: Hintergrund1.png Graphic file (type png)
<use Hintergrund1.png>
Package pdftex.def Info: Hintergrund1.png  used on input line 1448.
(pdftex.def)             Requested size: 421.12428pt x 298.77907pt.
[205

]
Overfull \hbox (12.59988pt too wide) in paragraph at lines 1448--1457
[]$[]$ 
 []

File: Karteikarten Rückseite.png Graphic file (type png)
<use Karteikarten Rückseite.png>
Package pdftex.def Info: Karteikarten Rückseite.png  used on input line 1458.
(pdftex.def)             Requested size: 421.12428pt x 298.77907pt.
[206

]
Overfull \hbox (12.59988pt too wide) in paragraph at lines 1458--1462
[]$[]$ 
 []

File: Hintergrund1.png Graphic file (type png)
<use Hintergrund1.png>
Package pdftex.def Info: Hintergrund1.png  used on input line 1463.
(pdftex.def)             Requested size: 421.12428pt x 298.77907pt.
[207

]
Overfull \hbox (12.59988pt too wide) in paragraph at lines 1463--1474
[]$[]$ 
 []

File: Karteikarten Rückseite.png Graphic file (type png)
<use Karteikarten Rückseite.png>
Package pdftex.def Info: Karteikarten Rückseite.png  used on input line 1475.
(pdftex.def)             Requested size: 421.12428pt x 298.77907pt.
[208

]
Overfull \hbox (12.59988pt too wide) in paragraph at lines 1475--1479
[]$[]$ 
 []

File: Hintergrund1.png Graphic file (type png)
<use Hintergrund1.png>
Package pdftex.def Info: Hintergrund1.png  used on input line 1480.
(pdftex.def)             Requested size: 421.12428pt x 298.77907pt.
[209

]
Overfull \hbox (12.59988pt too wide) in paragraph at lines 1480--1487
[]$[]$ 
 []

File: Karteikarten Rückseite.png Graphic file (type png)
<use Karteikarten Rückseite.png>
Package pdftex.def Info: Karteikarten Rückseite.png  used on input line 1489.
(pdftex.def)             Requested size: 421.12428pt x 298.77907pt.
[210

]
Overfull \hbox (12.59988pt too wide) in paragraph at lines 1489--1495
[]$[]$ 
 []

File: Hintergrund1.png Graphic file (type png)
<use Hintergrund1.png>
Package pdftex.def Info: Hintergrund1.png  used on input line 1496.
(pdftex.def)             Requested size: 421.12428pt x 298.77907pt.
[211

]
Overfull \hbox (12.59988pt too wide) in paragraph at lines 1496--1508
[]$[]$ 
 []

File: Karteikarten Rückseite.png Graphic file (type png)
<use Karteikarten Rückseite.png>
Package pdftex.def Info: Karteikarten Rückseite.png  used on input line 1510.
(pdftex.def)             Requested size: 421.12428pt x 298.77907pt.
[212

]
Overfull \hbox (12.59988pt too wide) in paragraph at lines 1510--1514
[]$[]$ 
 []

File: Hintergrund1.png Graphic file (type png)
<use Hintergrund1.png>
Package pdftex.def Info: Hintergrund1.png  used on input line 1515.
(pdftex.def)             Requested size: 421.12428pt x 298.77907pt.
[213

]
<schema_gerade_gerade.pdf, id=701, 441.35088pt x 292.13239pt>
File: schema_gerade_gerade.pdf Graphic file (type pdf)
<use schema_gerade_gerade.pdf>
Package pdftex.def Info: schema_gerade_gerade.pdf  used on input line 1516.
(pdftex.def)             Requested size: 312.9803pt x 207.16582pt.

Overfull \hbox (12.59988pt too wide) in paragraph at lines 1515--1519
[]$[]$ 
 []

File: Karteikarten Rückseite.png Graphic file (type png)
<use Karteikarten Rückseite.png>
Package pdftex.def Info: Karteikarten Rückseite.png  used on input line 1520.
(pdftex.def)             Requested size: 421.12428pt x 298.77907pt.
[214

 <./schema_gerade_gerade.pdf>]
Overfull \hbox (12.59988pt too wide) in paragraph at lines 1520--1524
[]$[]$ 
 []

File: Hintergrund1.png Graphic file (type png)
<use Hintergrund1.png>
Package pdftex.def Info: Hintergrund1.png  used on input line 1525.
(pdftex.def)             Requested size: 421.12428pt x 298.77907pt.
[215

]
Overfull \hbox (12.59988pt too wide) in paragraph at lines 1525--1532
[]$[]$ 
 []

File: Karteikarten Rückseite.png Graphic file (type png)
<use Karteikarten Rückseite.png>
Package pdftex.def Info: Karteikarten Rückseite.png  used on input line 1533.
(pdftex.def)             Requested size: 421.12428pt x 298.77907pt.
[216

]
Overfull \hbox (12.59988pt too wide) in paragraph at lines 1533--1536
[]$[]$ 
 []

File: Hintergrund1.png Graphic file (type png)
<use Hintergrund1.png>
Package pdftex.def Info: Hintergrund1.png  used on input line 1537.
(pdftex.def)             Requested size: 421.12428pt x 298.77907pt.
[217

]
Overfull \hbox (12.59988pt too wide) in paragraph at lines 1537--1544
[]$[]$ 
 []

File: Karteikarten Rückseite.png Graphic file (type png)
<use Karteikarten Rückseite.png>
Package pdftex.def Info: Karteikarten Rückseite.png  used on input line 1545.
(pdftex.def)             Requested size: 421.12428pt x 298.77907pt.
[218

]
Overfull \hbox (12.59988pt too wide) in paragraph at lines 1545--1548
[]$[]$ 
 []

File: Hintergrund1.png Graphic file (type png)
<use Hintergrund1.png>
Package pdftex.def Info: Hintergrund1.png  used on input line 1549.
(pdftex.def)             Requested size: 421.12428pt x 298.77907pt.
[219

]
Overfull \hbox (12.59988pt too wide) in paragraph at lines 1549--1556
[]$[]$ 
 []

File: Karteikarten Rückseite.png Graphic file (type png)
<use Karteikarten Rückseite.png>
Package pdftex.def Info: Karteikarten Rückseite.png  used on input line 1557.
(pdftex.def)             Requested size: 421.12428pt x 298.77907pt.
[220

]
Overfull \hbox (12.59988pt too wide) in paragraph at lines 1557--1564
[]$[]$ 
 []

File: Hintergrund1.png Graphic file (type png)
<use Hintergrund1.png>
Package pdftex.def Info: Hintergrund1.png  used on input line 1565.
(pdftex.def)             Requested size: 421.12428pt x 298.77907pt.
[221

]
Overfull \hbox (12.59988pt too wide) in paragraph at lines 1565--1572
[]$[]$ 
 []

File: Karteikarten Rückseite.png Graphic file (type png)
<use Karteikarten Rückseite.png>
Package pdftex.def Info: Karteikarten Rückseite.png  used on input line 1573.
(pdftex.def)             Requested size: 421.12428pt x 298.77907pt.
[222

]
Overfull \hbox (12.59988pt too wide) in paragraph at lines 1573--1580
[]$[]$ 
 []

File: Hintergrund1.png Graphic file (type png)
<use Hintergrund1.png>
Package pdftex.def Info: Hintergrund1.png  used on input line 1581.
(pdftex.def)             Requested size: 421.12428pt x 298.77907pt.
[223

]
Overfull \hbox (12.59988pt too wide) in paragraph at lines 1581--1588
[]$[]$ 
 []

File: Karteikarten Rückseite.png Graphic file (type png)
<use Karteikarten Rückseite.png>
Package pdftex.def Info: Karteikarten Rückseite.png  used on input line 1589.
(pdftex.def)             Requested size: 421.12428pt x 298.77907pt.
[224

]
Overfull \hbox (12.59988pt too wide) in paragraph at lines 1589--1592
[]$[]$ 
 []

File: Hintergrund1.png Graphic file (type png)
<use Hintergrund1.png>
Package pdftex.def Info: Hintergrund1.png  used on input line 1593.
(pdftex.def)             Requested size: 421.12428pt x 298.77907pt.
[225

]
Overfull \hbox (12.59988pt too wide) in paragraph at lines 1593--1601
[]$[]$ 
 []

File: Karteikarten Rückseite.png Graphic file (type png)
<use Karteikarten Rückseite.png>
Package pdftex.def Info: Karteikarten Rückseite.png  used on input line 1602.
(pdftex.def)             Requested size: 421.12428pt x 298.77907pt.
[226

]
Overfull \hbox (12.59988pt too wide) in paragraph at lines 1602--1605
[]$[]$ 
 []

File: Hintergrund1.png Graphic file (type png)
<use Hintergrund1.png>
Package pdftex.def Info: Hintergrund1.png  used on input line 1606.
(pdftex.def)             Requested size: 421.12428pt x 298.77907pt.
[227

]
Overfull \hbox (12.59988pt too wide) in paragraph at lines 1606--1618
[]$[]$ 
 []

File: Karteikarten Rückseite.png Graphic file (type png)
<use Karteikarten Rückseite.png>
Package pdftex.def Info: Karteikarten Rückseite.png  used on input line 1619.
(pdftex.def)             Requested size: 421.12428pt x 298.77907pt.
[228

]
Overfull \hbox (12.59988pt too wide) in paragraph at lines 1619--1625
[]$[]$ 
 []

File: Hintergrund1.png Graphic file (type png)
<use Hintergrund1.png>
Package pdftex.def Info: Hintergrund1.png  used on input line 1626.
(pdftex.def)             Requested size: 421.12428pt x 298.77907pt.
[229

]
Overfull \hbox (12.59988pt too wide) in paragraph at lines 1626--1648
[]$[]$ 
 []

File: Karteikarten Rückseite.png Graphic file (type png)
<use Karteikarten Rückseite.png>
Package pdftex.def Info: Karteikarten Rückseite.png  used on input line 1649.
(pdftex.def)             Requested size: 421.12428pt x 298.77907pt.
[230

]
Overfull \hbox (12.59988pt too wide) in paragraph at lines 1649--1653
[]$[]$ 
 []

File: Hintergrund1.png Graphic file (type png)
<use Hintergrund1.png>
Package pdftex.def Info: Hintergrund1.png  used on input line 1654.
(pdftex.def)             Requested size: 421.12428pt x 298.77907pt.
[231

]
Overfull \hbox (12.59988pt too wide) in paragraph at lines 1654--1663
[]$[]$ 
 []

File: Karteikarten Rückseite.png Graphic file (type png)
<use Karteikarten Rückseite.png>
Package pdftex.def Info: Karteikarten Rückseite.png  used on input line 1664.
(pdftex.def)             Requested size: 421.12428pt x 298.77907pt.
[232

]
Overfull \hbox (12.59988pt too wide) in paragraph at lines 1664--1666
[]$[]$ 
 []

File: Hintergrund1.png Graphic file (type png)
<use Hintergrund1.png>
Package pdftex.def Info: Hintergrund1.png  used on input line 1667.
(pdftex.def)             Requested size: 421.12428pt x 298.77907pt.
[233

]
Overfull \hbox (12.59988pt too wide) in paragraph at lines 1667--1675
[]$[]$ 
 []

File: Karteikarten Rückseite.png Graphic file (type png)
<use Karteikarten Rückseite.png>
Package pdftex.def Info: Karteikarten Rückseite.png  used on input line 1676.
(pdftex.def)             Requested size: 421.12428pt x 298.77907pt.
[234

]
Overfull \hbox (12.59988pt too wide) in paragraph at lines 1676--1683
[]$[]$ 
 []

File: Hintergrund1.png Graphic file (type png)
<use Hintergrund1.png>
Package pdftex.def Info: Hintergrund1.png  used on input line 1684.
(pdftex.def)             Requested size: 421.12428pt x 298.77907pt.
[235

]
Overfull \hbox (12.59988pt too wide) in paragraph at lines 1684--1693
[]$[]$ 
 []

File: Karteikarten Rückseite.png Graphic file (type png)
<use Karteikarten Rückseite.png>
Package pdftex.def Info: Karteikarten Rückseite.png  used on input line 1694.
(pdftex.def)             Requested size: 421.12428pt x 298.77907pt.
[236

]
Overfull \hbox (12.59988pt too wide) in paragraph at lines 1694--1697
[]$[]$ 
 []

File: Hintergrund1.png Graphic file (type png)
<use Hintergrund1.png>
Package pdftex.def Info: Hintergrund1.png  used on input line 1698.
(pdftex.def)             Requested size: 421.12428pt x 298.77907pt.
[237

]
Overfull \hbox (12.59988pt too wide) in paragraph at lines 1698--1705
[]$[]$ 
 []

File: Karteikarten Rückseite.png Graphic file (type png)
<use Karteikarten Rückseite.png>
Package pdftex.def Info: Karteikarten Rückseite.png  used on input line 1706.
(pdftex.def)             Requested size: 421.12428pt x 298.77907pt.
[238

]
Overfull \hbox (12.59988pt too wide) in paragraph at lines 1706--1711
[]$[]$ 
 []

File: Hintergrund1.png Graphic file (type png)
<use Hintergrund1.png>
Package pdftex.def Info: Hintergrund1.png  used on input line 1712.
(pdftex.def)             Requested size: 421.12428pt x 298.77907pt.
[239

]
<schema_ebene_gerade.pdf, id=810, 413.93243pt x 191.65703pt>
File: schema_ebene_gerade.pdf Graphic file (type pdf)
<use schema_ebene_gerade.pdf>
Package pdftex.def Info: schema_ebene_gerade.pdf  used on input line 1713.
(pdftex.def)             Requested size: 369.88582pt x 171.27315pt.

Overfull \hbox (5.69048pt too wide) in paragraph at lines 1713--1714
 [][] 
 []


Overfull \hbox (12.59988pt too wide) in paragraph at lines 1712--1714
[]$[]$ 
 []

File: Karteikarten Rückseite.png Graphic file (type png)
<use Karteikarten Rückseite.png>
Package pdftex.def Info: Karteikarten Rückseite.png  used on input line 1715.
(pdftex.def)             Requested size: 421.12428pt x 298.77907pt.
[240

 <./schema_ebene_gerade.pdf>]
Overfull \hbox (12.59988pt too wide) in paragraph at lines 1715--1721
[]$[]$ 
 []

File: Hintergrund1.png Graphic file (type png)
<use Hintergrund1.png>
Package pdftex.def Info: Hintergrund1.png  used on input line 1722.
(pdftex.def)             Requested size: 421.12428pt x 298.77907pt.
[241

]
Overfull \hbox (12.59988pt too wide) in paragraph at lines 1722--1736
[]$[]$ 
 []

File: Karteikarten Rückseite.png Graphic file (type png)
<use Karteikarten Rückseite.png>
Package pdftex.def Info: Karteikarten Rückseite.png  used on input line 1737.
(pdftex.def)             Requested size: 421.12428pt x 298.77907pt.
[242

]
Overfull \hbox (12.59988pt too wide) in paragraph at lines 1737--1740
[]$[]$ 
 []

File: Hintergrund1.png Graphic file (type png)
<use Hintergrund1.png>
Package pdftex.def Info: Hintergrund1.png  used on input line 1741.
(pdftex.def)             Requested size: 421.12428pt x 298.77907pt.
[243

]
Overfull \hbox (12.59988pt too wide) in paragraph at lines 1741--1748
[]$[]$ 
 []

File: Karteikarten Rückseite.png Graphic file (type png)
<use Karteikarten Rückseite.png>
Package pdftex.def Info: Karteikarten Rückseite.png  used on input line 1749.
(pdftex.def)             Requested size: 421.12428pt x 298.77907pt.
[244

]
Overfull \hbox (12.59988pt too wide) in paragraph at lines 1749--1752
[]$[]$ 
 []

File: Hintergrund1.png Graphic file (type png)
<use Hintergrund1.png>
Package pdftex.def Info: Hintergrund1.png  used on input line 1753.
(pdftex.def)             Requested size: 421.12428pt x 298.77907pt.
[245

]
Overfull \hbox (12.59988pt too wide) in paragraph at lines 1753--1762
[]$[]$ 
 []

File: Karteikarten Rückseite.png Graphic file (type png)
<use Karteikarten Rückseite.png>
Package pdftex.def Info: Karteikarten Rückseite.png  used on input line 1763.
(pdftex.def)             Requested size: 421.12428pt x 298.77907pt.
[246

]
Overfull \hbox (12.59988pt too wide) in paragraph at lines 1763--1766
[]$[]$ 
 []

File: Hintergrund1.png Graphic file (type png)
<use Hintergrund1.png>
Package pdftex.def Info: Hintergrund1.png  used on input line 1767.
(pdftex.def)             Requested size: 421.12428pt x 298.77907pt.
[247

]
Overfull \hbox (12.59988pt too wide) in paragraph at lines 1767--1778
[]$[]$ 
 []

File: Karteikarten Rückseite.png Graphic file (type png)
<use Karteikarten Rückseite.png>
Package pdftex.def Info: Karteikarten Rückseite.png  used on input line 1779.
(pdftex.def)             Requested size: 421.12428pt x 298.77907pt.
[248

]
Overfull \hbox (12.59988pt too wide) in paragraph at lines 1779--1782
[]$[]$ 
 []

File: Hintergrund1.png Graphic file (type png)
<use Hintergrund1.png>
Package pdftex.def Info: Hintergrund1.png  used on input line 1783.
(pdftex.def)             Requested size: 421.12428pt x 298.77907pt.
[249

]
Overfull \hbox (12.59988pt too wide) in paragraph at lines 1783--1790
[]$[]$ 
 []

File: Karteikarten Rückseite.png Graphic file (type png)
<use Karteikarten Rückseite.png>
Package pdftex.def Info: Karteikarten Rückseite.png  used on input line 1791.
(pdftex.def)             Requested size: 421.12428pt x 298.77907pt.
[250

]
Overfull \hbox (12.59988pt too wide) in paragraph at lines 1791--1794
[]$[]$ 
 []

File: Hintergrund1.png Graphic file (type png)
<use Hintergrund1.png>
Package pdftex.def Info: Hintergrund1.png  used on input line 1795.
(pdftex.def)             Requested size: 421.12428pt x 298.77907pt.
[251

]
Overfull \hbox (12.59988pt too wide) in paragraph at lines 1795--1802
[]$[]$ 
 []

File: Karteikarten Rückseite.png Graphic file (type png)
<use Karteikarten Rückseite.png>
Package pdftex.def Info: Karteikarten Rückseite.png  used on input line 1803.
(pdftex.def)             Requested size: 421.12428pt x 298.77907pt.
[252

]
Overfull \hbox (12.59988pt too wide) in paragraph at lines 1803--1806
[]$[]$ 
 []

File: Hintergrund1.png Graphic file (type png)
<use Hintergrund1.png>
Package pdftex.def Info: Hintergrund1.png  used on input line 1807.
(pdftex.def)             Requested size: 421.12428pt x 298.77907pt.
[253

]
Overfull \hbox (12.59988pt too wide) in paragraph at lines 1807--1815
[]$[]$ 
 []

File: Karteikarten Rückseite.png Graphic file (type png)
<use Karteikarten Rückseite.png>
Package pdftex.def Info: Karteikarten Rückseite.png  used on input line 1816.
(pdftex.def)             Requested size: 421.12428pt x 298.77907pt.
[254

]
Overfull \hbox (12.59988pt too wide) in paragraph at lines 1816--1819
[]$[]$ 
 []

File: Hintergrund1.png Graphic file (type png)
<use Hintergrund1.png>
Package pdftex.def Info: Hintergrund1.png  used on input line 1820.
(pdftex.def)             Requested size: 421.12428pt x 298.77907pt.
[255

]
<schema_ebene_ebene.pdf, id=875, 426.7734pt x 189.98979pt>
File: schema_ebene_ebene.pdf Graphic file (type pdf)
<use schema_ebene_ebene.pdf>
Package pdftex.def Info: schema_ebene_ebene.pdf  used on input line 1821.
(pdftex.def)             Requested size: 369.88582pt x 164.67229pt.

Overfull \hbox (5.69048pt too wide) in paragraph at lines 1821--1822
 [][] 
 []


Overfull \hbox (12.59988pt too wide) in paragraph at lines 1820--1823
[]$[]$ 
 []

File: Karteikarten Rückseite.png Graphic file (type png)
<use Karteikarten Rückseite.png>
Package pdftex.def Info: Karteikarten Rückseite.png  used on input line 1824.
(pdftex.def)             Requested size: 421.12428pt x 298.77907pt.
[256

 <./schema_ebene_ebene.pdf>]
Overfull \hbox (12.59988pt too wide) in paragraph at lines 1824--1827
[]$[]$ 
 []

File: Hintergrund1.png Graphic file (type png)
<use Hintergrund1.png>
Package pdftex.def Info: Hintergrund1.png  used on input line 1828.
(pdftex.def)             Requested size: 421.12428pt x 298.77907pt.
[257

]
Overfull \hbox (12.59988pt too wide) in paragraph at lines 1828--1836
[]$[]$ 
 []

File: Karteikarten Rückseite.png Graphic file (type png)
<use Karteikarten Rückseite.png>
Package pdftex.def Info: Karteikarten Rückseite.png  used on input line 1837.
(pdftex.def)             Requested size: 421.12428pt x 298.77907pt.
[258

] (./Karteikarten_Akademus.aux)
 ***********
LaTeX2e <2025-11-01>
L3 programming layer <2025-11-14>
 ***********
 ) 
Here is how much of TeX's memory you used:
 26423 strings out of 467538
 557162 string characters out of 5423724
 1118887 words of memory out of 5000000
 54673 multiletter control sequences out of 15000+600000
 667097 words of font info for 229 fonts, out of 8000000 for 9000
 1141 hyphenation exceptions out of 8191
 108i,19n,107p,11254b,680s stack positions out of 10000i,1000n,20000p,200000b,200000s
<c:/texlive/2025/texmf-dist/fonts/type1/public/hfbright/hfbr10.pfb><c:/texliv
e/2025/texmf-dist/fonts/type1/public/hfbright/hfbr17.pfb><c:/texlive/2025/texmf
-dist/fonts/type1/public/hfbright/hfbr8.pfb><c:/texlive/2025/texmf-dist/fonts/t
ype1/public/hfbright/hfbrbs10.pfb><c:/texlive/2025/texmf-dist/fonts/type1/publi
c/hfbright/hfbrmi10.pfb><c:/texlive/2025/texmf-dist/fonts/type1/public/hfbright
/hfbrmi8.pfb><c:/texlive/2025/texmf-dist/fonts/type1/public/hfbright/hfbrsy10.p
fb><c:/texlive/2025/texmf-dist/fonts/type1/public/hfbright/hfbrsy8.pfb><c:/texl
ive/2025/texmf-dist/fonts/type1/public/lm/lmex10.pfb><c:/texlive/2025/texmf-dis
t/fonts/type1/public/cm-super/sfbbx10.pfb><c:/texlive/2025/texmf-dist/fonts/typ
e1/public/cm-super/sfbmr10.pfb><c:/texlive/2025/texmf-dist/fonts/type1/public/c
m-super/sfbmr17.pfb><c:/texlive/2025/texmf-dist/fonts/type1/public/esvect/vect1
0.pfb>
Output written on Karteikarten_Akademus.pdf (258 pages, 2010018 bytes).
PDF statistics:
 962 PDF objects out of 1000 (max. 8388607)
 662 compressed objects within 7 object streams
 0 named destinations out of 1000 (max. 500000)
 65574 words of extra memory for PDF output out of 74296 (max. 10000000)

